symbol,trading_date_london,entry_time_utc,exit_time_utc,side,entry_price,exit_price,units,standard_lots,initial_risk_usd,pnl_usd,return_on_starting_day_equity,exit_reason,ending_equity_usd
BTCUSDT,2021-01-01,2021-01-01T08:18:00+00:00,2021-01-01T08:27:00+00:00,short,28940.0,29016.940000000002,0.5183137525915688,,75.0,-39.87906012439651,-0.00026586040082931004,trailing_stop,149960.1209398756
BTCUSDT,2021-01-04,2021-01-04T08:44:00+00:00,2021-01-04T08:47:00+00:00,short,31800.0,31609.0,0.47157270735809936,,74.9800604699378,90.07038710539697,0.00060062893081761,trailing_stop,150050.191326981
BTCUSDT,2021-01-05,2021-01-05T08:09:00+00:00,2021-01-05T08:21:00+00:00,long,31275.86,31365.810699999998,0.47976359827349596,,75.0250956634905,43.1550714992186,0.0002876042417378694,trailing_stop,150093.3463984802
BTCUSDT,2021-01-06,2021-01-06T08:29:00+00:00,2021-01-06T08:31:00+00:00,short,34350.0,34270.13,0.43695297350358137,,75.0466731992401,34.89943399373219,0.00023251819505095377,trailing_stop,150128.24583247394
BTCUSDT,2021-01-07,2021-01-07T08:16:00+00:00,2021-01-07T08:24:00+00:00,short,36720.0,36516.14,0.4088459853825543,,75.06412291623697,83.34734258008775,0.0005551742919389994,trailing_stop,150211.59317505403
BTCUSDT,2021-01-08,2021-01-08T08:34:00+00:00,2021-01-08T08:40:00+00:00,short,38519.07,38659.425350000005,0.38996682208333183,,75.10579658752702,-54.733929801895826,-0.000364378864806459,trailing_stop,150156.85924525213
BTCUSDT,2021-01-11,2021-01-11T08:10:00+00:00,2021-01-11T08:12:00+00:00,long,35322.79,35367.21,0.4250990911115801,,75.07842962262606,18.882901627175645,0.00012575450580205655,trailing_stop,150175.7421468793
BTCUSDT,2021-01-12,2021-01-12T08:47:00+00:00,2021-01-12T08:53:00+00:00,short,35781.45,35766.76725,0.4197027849538778,,75.08787107343964,6.162391065781525,4.103453046201298e-05,trailing_stop,150181.90453794508
BTCUSDT,2021-01-13,2021-01-13T08:32:00+00:00,2021-01-13T08:44:00+00:00,short,34561.72,34611.758599999994,0.4345324958883559,,75.09095226897254,-21.743397748755864,-0.00014478041023419143,trailing_stop,150160.16114019632
BTCUSDT,2021-01-14,2021-01-14T08:07:00+00:00,2021-01-14T08:17:00+00:00,long,38596.92,38593.115399999995,0.3890470046319663,,75.08008057009816,-1.4801682338239928,-9.857263222047563e-06,trailing_stop,150158.6809719625
BTCUSDT,2021-01-15,2021-01-15T08:00:00+00:00,2021-01-15T08:05:00+00:00,long,38483.82,38430.3309,0.3901865276678939,,75.07934048598125,-20.870726197080305,-0.0001389911396529733,trailing_stop,150137.8102457654
BTCUSDT,2021-01-18,2021-01-18T08:15:00+00:00,2021-01-18T08:22:00+00:00,long,36278.68,36268.6066,0.41384584622639353,,75.0689051228827,-4.16883474737742,-2.7766721391189336e-05,trailing_stop,150133.64141101803
BTCUSDT,2021-01-19,2021-01-19T08:00:00+00:00,2021-01-19T08:02:00+00:00,long,37233.87,37110.08065,0.4032179341309889,,75.06682070550902,-49.91408597441757,-0.00033246436644914727,trailing_stop,150083.7273250436
BTCUSDT,2021-01-20,2021-01-20T08:18:00+00:00,2021-01-20T08:25:00+00:00,short,35502.45,35527.97225,0.4227418877430814,,75.0418636625218,-10.789324144451623,-7.188870063897507e-05,trailing_stop,150072.93800089916
BTCUSDT,2021-01-21,2021-01-21T08:06:00+00:00,2021-01-21T08:34:00+00:00,short,34550.0,33994.8,0.4343645094092595,,75.03646900044959,241.1591756240196,0.0016069464544138845,trailing_stop,150314.09717652318
BTCUSDT,2021-01-22,2021-01-22T08:07:00+00:00,2021-01-22T08:12:00+00:00,short,30615.22,30653.0761,0.4909783342289331,,75.15704858826159,-18.58652491840256,-0.00012365124274787913,trailing_stop,150295.51065160477
BTCUSDT,2021-01-25,2021-01-25T08:17:00+00:00,2021-01-25T08:22:00+00:00,long,33402.63,33250.40685,0.4499511285536641,,75.14775532580238,-68.49297813449279,-0.000455722049431431,trailing_stop,150227.01767347028
BTCUSDT,2021-01-26,2021-01-26T08:01:00+00:00,2021-01-26T08:03:00+00:00,long,31782.08,31721.0896,0.47267836992880985,,75.11350883673515,-28.828842853307222,-0.000191901851609468,trailing_stop,150198.18883061697
BTCUSDT,2021-01-27,2021-01-27T08:05:00+00:00,2021-01-27T08:28:00+00:00,short,31547.41,31699.73705,0.4761030741687415,,75.09909441530849,-72.52337678405553,-0.00048285120711969657,trailing_stop,150125.66545383292
BTCUSDT,2021-01-28,2021-01-28T08:03:00+00:00,2021-01-28T08:05:00+00:00,short,31080.0,31210.24,0.483029811627519,,75.06283272691645,-62.90980266636885,-0.00041904761904762417,trailing_stop,150062.75565116655
BTCUSDT,2021-01-29,2021-01-29T08:09:00+00:00,2021-01-29T08:15:00+00:00,long,32548.77,32427.25615,0.46103971256415077,,75.03137782558328,-56.02271047656304,-0.000373328546670118,trailing_stop,150006.73294068998
BTCUSDT,2021-02-01,2021-02-01T08:01:00+00:00,2021-02-01T08:09:00+00:00,long,33885.39,33730.57305,0.442688524289347,,75.00336647034499,-68.53568713047778,-0.0004568840730474117,trailing_stop,149938.1972535595
BTCUSDT,2021-02-02,2021-02-02T08:01:00+00:00,2021-02-02T08:22:00+00:00,long,34400.0,34319.91,0.43586685248127766,,74.96909862677975,-34.908576215224,-0.0002328197674418503,trailing_stop,149903.2886773443
BTCUSDT,2021-02-03,2021-02-03T08:00:00+00:00,2021-02-03T08:34:00+00:00,short,36231.66,35822.0883,0.4137356352906389,,74.95164433867215,169.45440749656714,0.0011304248825474749,trailing_stop,150072.74308484088
BTCUSDT,2021-02-04,2021-02-04T08:09:00+00:00,2021-02-04T08:25:00+00:00,long,38175.69,38486.17155000001,0.3931107547364327,,75.03637154242044,122.05363645223906,0.0008132964983737137,trailing_stop,150194.79672129313
BTCUSDT,2021-02-05,2021-02-05T08:01:00+00:00,2021-02-05T08:15:00+00:00,long,37727.22,37611.3639,0.3981072464954829,,75.09739836064657,-46.12315296070712,-0.00030708888701580587,trailing_stop,150148.67356833242
BTCUSDT,2021-02-08,2021-02-08T08:44:00+00:00,2021-02-08T09:00:00+00:00,short,39110.49,39235.72245,0.38390895529136154,,75.0743367841662,-48.07785904807888,-0.0003202016901348031,trailing_stop,150100.59570928433
BTCUSDT,2021-02-09,2021-02-09T08:15:00+00:00,2021-02-09T08:18:00+00:00,short,47370.75,47183.92375,0.31686345626633383,,75.05029785464217,59.1984112962776,0.0003943915813028045,trailing_stop,150159.7941205806
BTCUSDT,2021-02-10,2021-02-10T08:15:00+00:00,2021-02-10T08:38:00+00:00,short,46467.45,46494.55725,0.32315049377700006,,75.0798970602903,-8.759721222436886,-5.8335996487866096e-05,trailing_stop,150151.03439935815
BTCUSDT,2021-02-11,2021-02-11T08:02:00+00:00,2021-02-11T08:07:00+00:00,short,44583.18,44769.7559,0.3367885251777871,,75.07551719967907,-62.83662219471701,-0.0004184894392907733,trailing_stop,150088.19777716344
BTCUSDT,2021-02-12,2021-02-12T08:03:00+00:00,2021-02-12T08:09:00+00:00,long,47475.0,47242.625,0.3161415435011342,,75.04409888858173,-73.46339117107607,-0.000489468141126909,trailing_stop,150014.73438599237
BTCUSDT,2021-02-15,2021-02-15T08:00:00+00:00,2021-02-15T08:02:00+00:00,long,47441.02,47327.2149,0.31621313029524317,,75.00736719299618,-35.98666691456247,-0.00023988754879215868,trailing_stop,149978.7477190778
BTCUSDT,2021-02-16,2021-02-16T08:04:00+00:00,2021-02-16T08:09:00+00:00,long,49281.81,49053.59095,0.3043288136516857,,74.9893738595389,-69.45363273921464,-0.0004630898296957837,trailing_stop,149909.29408633857
BTCUSDT,2021-02-17,2021-02-17T08:00:00+00:00,2021-02-17T08:00:00+00:00,long,51266.09,51009.759549999995,0.29241413590609033,,74.95464704316929,-74.95464704316967,-0.0005000000000000026,initial_stop_same_bar,149834.3394392954
BTCUSDT,2021-02-18,2021-02-18T08:01:00+00:00,2021-02-18T08:11:00+00:00,long,52085.85,51908.32075,0.28766803160416005,,74.9171697196477,-51.06948989966271,-0.00034083969062614813,trailing_stop,149783.26994939573
BTCUSDT,2021-02-19,2021-02-19T08:18:00+00:00,2021-02-19T08:23:00+00:00,long,51894.77,51673.086149999996,0.28862883475424544,,74.89163497469787,-63.984351309335295,-0.0004271795597128598,trailing_stop,149719.2855980864
BTCUSDT,2021-02-22,2021-02-22T08:00:00+00:00,2021-02-22T08:06:00+00:00,long,56550.0,56340.94,0.2647555890328672,,74.8596427990432,-55.349803443210604,-0.0003696905393457077,trailing_stop,149663.93579464318
BTCUSDT,2021-02-23,2021-02-23T08:02:00+00:00,2021-02-23T08:02:00+00:00,short,49461.74,49709.0487,0.3025852624566851,,74.83196789732159,-74.83196789732203,-0.0005000000000000029,initial_stop_same_bar,149589.10382674585
BTCUSDT,2021-02-24,2021-02-24T08:08:00+00:00,2021-02-24T08:20:00+00:00,long,50368.4,50634.358,0.29698998544076416,,74.79455191337293,78.98686254785437,0.0005280255080566361,trailing_stop,149668.0906892937
BTCUSDT,2021-02-25,2021-02-25T08:14:00+00:00,2021-02-25T08:30:00+00:00,short,50148.95,50072.57475,0.2984471074455073,,74.83404534464685,22.79397244292668,0.00015229680780953008,trailing_stop,149690.8846617366
BTCUSDT,2021-02-26,2021-02-26T08:25:00+00:00,2021-02-26T08:28:00+00:00,long,45758.67,45661.17665,0.32713119647432193,,74.84544233086831,-31.893116233788856,-0.00021305984199277865,trailing_stop,149658.99154550282
BTCUSDT,2021-03-01,2021-03-01T08:01:00+00:00,2021-03-01T08:26:00+00:00,long,46425.61,46828.55195,0.32236300512907173,,74.82949577275141,129.8935778945683,0.0008679303298330392,trailing_stop,149788.8851233974
BTCUSDT,2021-03-02,2021-03-02T08:00:00+00:00,2021-03-02T08:13:00+00:00,short,48301.36,48512.196800000005,0.3101131834039402,,74.8944425616987,-65.38327122670128,-0.0004365028231089241,trailing_stop,149723.5018521707
BTCUSDT,2021-03-03,2021-03-03T08:08:00+00:00,2021-03-03T08:47:00+00:00,long,49960.0,50565.2,0.29968675310682685,,74.86175092608535,181.37042298025074,0.001211369095276215,trailing_stop,149904.87227515096
BTCUSDT,2021-03-04,2021-03-04T08:00:00+00:00,2021-03-04T08:11:00+00:00,long,49816.0,50375.409999999996,0.30091711955024686,,74.95243613757549,168.33604584760246,0.0011229524650714555,trailing_stop,150073.20832099856
BTCUSDT,2021-03-05,2021-03-05T08:11:00+00:00,2021-03-05T08:11:00+00:00,long,47499.99,47068.82,0.3159436629797155,,75.03660416049928,-136.22542916696338,-0.0009077265068897873,initial_stop_same_bar,149936.9828918316
BTCUSDT,2021-03-08,2021-03-08T08:12:00+00:00,2021-03-08T08:20:00+00:00,short,49521.2,49522.276,0.302773323125917,,74.9684914459158,-0.32578409568376865,-2.172806797898539e-06,trailing_stop,149936.65710773593
BTCUSDT,2021-03-09,2021-03-09T08:00:00+00:00,2021-03-09T08:03:00+00:00,short,53409.57,53542.00785,0.28072994616458424,,74.96832855386796,-37.179270500653864,-0.00024796651611312746,trailing_stop,149899.47783723526
BTCUSDT,2021-03-10,2021-03-10T08:07:00+00:00,2021-03-10T09:08:00+00:00,long,54407.74,54462.9213,0.27551131114292793,,74.94973891861763,15.203072313572305,0.00010142178300367527,trailing_stop,149914.68090954883
BTCUSDT,2021-03-11,2021-03-11T08:00:00+00:00,2021-03-11T08:21:00+00:00,short,55005.0,54547.845,0.2725473700746274,,74.95734045477441,124.59639296646598,0.0008311153531497115,trailing_stop,150039.2773025153
BTCUSDT,2021-03-12,2021-03-12T08:05:00+00:00,2021-03-12T08:14:00+00:00,short,56456.71,56542.07355,0.26575986681213853,,75.01963865125765,-22.68620567861182,-0.00015120177920392787,trailing_stop,150016.59109683667
BTCUSDT,2021-03-15,2021-03-15T08:25:00+00:00,2021-03-15T08:30:00+00:00,long,58341.82,58058.2909,0.25713388971553625,,75.00829554841833,-72.90494033054519,-0.0004859791826857643,trailing_stop,149943.68615650613
BTCUSDT,2021-03-16,2021-03-16T08:04:00+00:00,2021-03-16T08:08:00+00:00,long,55491.0,55417.835,0.2702126221486478,,74.97184307825306,-19.77010649950605,-0.00013185020994395646,trailing_stop,149923.9160500066
BTCUSDT,2021-03-17,2021-03-17T08:07:00+00:00,2021-03-17T08:25:00+00:00,short,55682.03,55901.350150000006,0.2692500902894643,,74.9619580250033,-59.05197018980069,-0.0003938795873641942,trailing_stop,149864.86407981682
BTCUSDT,2021-03-18,2021-03-18T08:43:00+00:00,2021-03-18T09:02:00+00:00,short,58119.0,58189.595,0.2578586418896003,,74.9324320399084,-18.203530824196633,-0.0001214663018978323,trailing_stop,149846.66054899263
BTCUSDT,2021-03-19,2021-03-19T08:04:00+00:00,2021-03-19T08:07:00+00:00,short,57700.0,57788.13,0.25969958500691964,,74.92333027449632,-22.88732442665915,-0.0001527383015597875,trailing_stop,149823.77322456596
BTCUSDT,2021-03-22,2021-03-22T08:01:00+00:00,2021-03-22T09:16:00+00:00,short,57513.41,57311.697049999995,0.2605023301949336,,74.91188661228298,52.54669350549628,0.0003507233356533863,trailing_stop,149876.31991807144
BTCUSDT,2021-03-23,2021-03-23T08:36:00+00:00,2021-03-23T09:37:00+00:00,long,54277.78,54295.1411,0.2761283160771709,,74.93815995903573,4.793891308247896,3.198564863928094e-05,trailing_stop,149881.1138093797
BTCUSDT,2021-03-24,2021-03-24T08:01:00+00:00,2021-03-24T08:24:00+00:00,long,55612.92,56010.3354,0.2695077219634928,,74.94055690468984,107.10651912721171,0.000714609842461078,trailing_stop,149988.2203285069
BTCUSDT,2021-03-25,2021-03-25T08:00:00+00:00,2021-03-25T08:08:00+00:00,short,52200.0,52362.0,0.2873337554185956,,74.99411016425346,-46.54806837781249,-0.0003103448275862069,trailing_stop,149941.6722601291
BTCUSDT,2021-03-26,2021-03-26T08:00:00+00:00,2021-03-26T08:01:00+00:00,long,53600.9,53332.8955,0.27973722877811585,,74.97083613006455,-74.97083613006532,-0.0005000000000000052,trailing_stop,149866.70142399904
BTCUSDT,2021-03-29,2021-03-29T07:07:00+00:00,2021-03-29T07:59:00+00:00,long,55656.64,55889.086800000005,0.2692701201941027,,74.93335071199952,62.59097777473594,0.0004176443277927039,trailing_stop,149929.29240177377
BTCUSDT,2021-03-30,2021-03-30T08:16:00+00:00,2021-03-30T08:49:00+00:00,short,57976.59,58016.60295,0.2586031575878709,,74.96464620088689,-10.347475214406611,-6.901570099242456e-05,trailing_stop,149918.94492655937
BTCUSDT,2021-03-31,2021-03-31T07:01:00+00:00,2021-03-31T07:04:00+00:00,long,59800.0,59501.0,0.2507005768002665,,74.95947246327968,-74.95947246327968,-0.0005,trailing_stop,149843.98545409608
BTCUSDT,2021-04-01,2021-04-01T07:00:00+00:00,2021-04-01T07:20:00+00:00,short,58659.02,58793.4951,0.2554491797750731,,74.92199272704804,-34.35155399517177,-0.00022924880095167509,trailing_stop,149809.63390010092
BTCUSDT,2021-04-02,2021-04-02T07:00:00+00:00,2021-04-02T07:59:00+00:00,long,59649.33,59443.40335,0.2511505726889152,,74.90481695005046,-51.71859607941012,-0.00034522877289652916,trailing_stop,149757.9153040215
BTCUSDT,2021-04-05,2021-04-05T07:08:00+00:00,2021-04-05T07:34:00+00:00,long,57316.74,57084.836299999995,0.2612812858931291,,74.87895765201075,-60.59209693937512,-0.00040460029652768557,trailing_stop,149697.32320708214
BTCUSDT,2021-04-06,2021-04-06T07:35:00+00:00,2021-04-06T08:08:00+00:00,short,58700.0,58642.5,0.25502099353847046,,74.84866160354107,14.663707128462052,9.795570698466782e-05,trailing_stop,149711.9869142106
BTCUSDT,2021-04-07,2021-04-07T07:04:00+00:00,2021-04-07T07:10:00+00:00,short,57877.74,57709.3887,0.2586693725674337,,74.8559934571053,43.54732514191046,0.00029087400440997666,trailing_stop,149755.5342393525
BTCUSDT,2021-04-08,2021-04-08T07:01:00+00:00,2021-04-08T07:26:00+00:00,long,57280.0,57047.45,0.2614447175966349,,74.87776711967625,-60.79896907709821,-0.0004059881284916251,trailing_stop,149694.7352702754
BTCUSDT,2021-04-09,2021-04-09T07:00:00+00:00,2021-04-09T07:41:00+00:00,short,57809.38,57943.0469,0.25894540863485377,,74.84736763513772,-34.61243004145512,-0.0002312200891966041,trailing_stop,149660.12284023396
BTCUSDT,2021-04-12,2021-04-12T07:00:00+00:00,2021-04-12T07:34:00+00:00,long,60842.92,60995.7854,0.24597787686756972,,74.83006142011698,37.60150653851238,0.0002512459954256015,trailing_stop,149697.72434677248
BTCUSDT,2021-04-13,2021-04-13T07:52:00+00:00,2021-04-13T08:24:00+00:00,long,61039.22,62417.8039,0.24524842281204196,,74.84886217338624,338.0955271890732,0.002258521488315214,trailing_stop,150035.81987396156
BTCUSDT,2021-04-14,2021-04-14T07:37:00+00:00,2021-04-14T08:49:00+00:00,short,64351.52,63689.7576,0.23315039003579338,,75.01790993698079,154.29016167102262,0.0010283555073757383,trailing_stop,150190.1100356326
BTCUSDT,2021-04-15,2021-04-15T08:17:00+00:00,2021-04-15T09:32:00+00:00,short,62751.36,62806.2168,0.23934160157745202,,75.09505501781629,-13.129514369414302,-8.741930055380695e-05,trailing_stop,150176.98052126318
BTCUSDT,2021-04-16,2021-04-16T07:16:00+00:00,2021-04-16T07:24:00+00:00,short,61057.5,61330.2875,0.24595992387710464,,75.08849026063159,-67.09479273462533,-0.0004467714858944414,trailing_stop,150109.88572852855
BTCUSDT,2021-04-19,2021-04-19T07:02:00+00:00,2021-04-19T07:09:00+00:00,long,57339.8,57163.301,0.2617900406498253,,75.05494286426428,-46.205680384654414,-0.0003078123746507721,trailing_stop,150063.6800481439
BTCUSDT,2021-04-20,2021-04-20T07:37:00+00:00,2021-04-20T07:40:00+00:00,short,53501.01,53597.46505,0.2804875647172715,,75.03184002407195,-27.054442079181772,-0.00018028640954628115,trailing_stop,150036.6256060647
BTCUSDT,2021-04-21,2021-04-21T07:09:00+00:00,2021-04-21T07:16:00+00:00,short,55276.0,55494.38,0.2714317707613878,,75.01831280303236,-59.27527009887116,-0.0003950720023156477,trailing_stop,149977.35033596584
BTCUSDT,2021-04-22,2021-04-22T07:10:00+00:00,2021-04-22T07:34:00+00:00,short,54252.38,54367.3419,0.2764438174619544,,74.98867516798292,-31.780506498680026,-0.00021190204005796997,trailing_stop,149945.56982946716
BTCUSDT,2021-04-23,2021-04-23T07:15:00+00:00,2021-04-23T07:17:00+00:00,long,49426.48,49252.8676,0.30337092552305395,,74.97278491473358,-52.6689544702803,-0.0003512538218380217,trailing_stop,149892.90087499688
BTCUSDT,2021-04-26,2021-04-26T07:17:00+00:00,2021-04-26T07:29:00+00:00,short,52511.28,52708.036400000005,0.2854489566336926,,74.94645043749844,-56.163909091003084,-0.00037469358964398826,trailing_stop,149836.73696590587
BTCUSDT,2021-04-27,2021-04-27T07:22:00+00:00,2021-04-27T07:51:00+00:00,long,54799.4,54605.723,0.27342769622642926,,74.91836848295294,-52.95665592204705,-0.00035342905214291276,trailing_stop,149783.78030998382
BTCUSDT,2021-04-28,2021-04-28T07:14:00+00:00,2021-04-28T07:49:00+00:00,long,54371.13,54278.92435,0.27548403042199754,,74.89189015499191,-25.40118408967902,-0.0001695856790175158,trailing_stop,149758.37912589413
BTCUSDT,2021-04-29,2021-04-29T08:04:00+00:00,2021-04-29T09:08:00+00:00,short,54255.0,54031.255000000005,0.27602687148814703,,74.87918956294708,61.75963236111417,0.0004123951709519775,trailing_stop,149820.13875825526
BTCUSDT,2021-04-30,2021-04-30T07:00:00+00:00,2021-04-30T07:19:00+00:00,long,54450.0,54286.55,0.275151769987613,,74.91006937912763,-44.97355680447454,-0.000300183654729104,trailing_stop,149775.16520145079
BTCUSDT,2021-05-03,2021-05-03T07:01:00+00:00,2021-05-03T07:28:00+00:00,short,57860.02,58103.6401,0.2588577833216283,,74.8875826007254,-63.06295905859344,-0.0004210508395952855,trailing_stop,149712.1022423922
BTCUSDT,2021-05-04,2021-05-04T07:02:00+00:00,2021-05-04T07:30:00+00:00,long,56169.0,56080.975,0.26653866410723387,,74.8560511211961,-23.462065908039648,-0.00015671455785219862,trailing_stop,149688.64017648416
BTCUSDT,2021-05-05,2021-05-05T07:16:00+00:00,2021-05-05T08:12:00+00:00,long,54492.92,54755.7454,0.27469374035468125,,74.84432008824209,72.19649218621566,0.0004823110965608038,trailing_stop,149760.83666867038
BTCUSDT,2021-05-06,2021-05-06T07:01:00+00:00,2021-05-06T07:03:00+00:00,short,56441.19,56613.86595000001,0.2653396157463554,,74.88041833433519,-45.817770221638035,-0.0003059395983677955,trailing_stop,149715.01889844873
BTCUSDT,2021-05-07,2021-05-07T07:13:00+00:00,2021-05-07T07:36:00+00:00,long,56194.1,55999.909499999994,0.26642480064357066,,74.85750944922437,-51.73716524937644,-0.0003455709763124674,trailing_stop,149663.28173319934
BTCUSDT,2021-05-10,2021-05-10T07:05:00+00:00,2021-05-10T08:25:00+00:00,short,58755.0,58310.105,0.254724332794144,,74.83164086659967,113.3255820384499,0.0007572036422432079,trailing_stop,149776.60731523778
BTCUSDT,2021-05-11,2021-05-11T07:00:00+00:00,2021-05-11T07:06:00+00:00,long,55800.0,55567.9,0.2684168589878813,,74.88830365761889,-62.29955297108686,-0.00041594982078852784,trailing_stop,149714.3077622667
BTCUSDT,2021-05-12,2021-05-12T07:18:00+00:00,2021-05-12T07:46:00+00:00,long,57247.67,56963.76165,0.2615203514173881,,74.85715388113334,-74.24781146233026,-0.000495929965359285,trailing_stop,149640.05995080437
BTCUSDT,2021-05-13,2021-05-13T07:00:00+00:00,2021-05-13T07:08:00+00:00,long,51335.0,51110.515,0.2914971461007195,,74.82002997540218,-65.43673684242017,-0.0004372942436933876,trailing_stop,149574.62321396195
BTCUSDT,2021-05-14,2021-05-14T07:10:00+00:00,2021-05-14T07:18:00+00:00,long,49528.23,49730.82885,0.3019987251996729,,74.78731160698098,61.184594426918196,0.0004090573194317561,trailing_stop,149635.80780838887
BTCUSDT,2021-05-17,2021-05-17T07:37:00+00:00,2021-05-17T07:39:00+00:00,long,44840.99,44700.05505,0.33370317606366157,,74.81790390419444,-47.03044043337177,-0.00031429937207005313,trailing_stop,149588.7773679555
BTCUSDT,2021-05-18,2021-05-18T08:10:00+00:00,2021-05-18T08:31:00+00:00,long,45244.64,45193.7768,0.3306220966018417,,74.79438868397776,-16.816497823878723,-0.00011241817815325702,trailing_stop,149571.96087013162
BTCUSDT,2021-05-19,2021-05-19T07:11:00+00:00,2021-05-19T07:16:00+00:00,short,39102.0,38758.56,0.38251741821423874,,74.78598043506581,131.37178211149904,0.0008783182445910756,trailing_stop,149703.33265224312
BTCUSDT,2021-05-20,2021-05-20T07:02:00+00:00,2021-05-20T07:04:00+00:00,long,40202.12,40242.5594,0.37237671210434453,,74.85166632612156,15.058690811470813,0.00010059021763030322,trailing_stop,149718.3913430546
BTCUSDT,2021-05-21,2021-05-21T07:27:00+00:00,2021-05-21T07:30:00+00:00,short,39575.39,39734.63695,0.3783118532579328,,74.8591956715273,-60.24500878017361,-0.0004023888330601434,trailing_stop,149658.1463342744
BTCUSDT,2021-05-24,2021-05-24T07:00:00+00:00,2021-05-24T07:00:00+00:00,long,36222.0,36040.89,0.41316919643938604,,74.82907316713721,-74.82907316713745,-0.0005000000000000016,initial_stop_same_bar,149583.31726110727
BTCUSDT,2021-05-25,2021-05-25T07:43:00+00:00,2021-05-25T07:43:00+00:00,short,38610.07,38804.52,0.3874204767334203,,74.79165863055364,-75.33391170081245,-0.0005036250905527939,initial_stop_same_bar,149507.98334940645
BTCUSDT,2021-05-26,2021-05-26T08:02:00+00:00,2021-05-26T08:04:00+00:00,long,40530.52,40614.33,0.3688775356186066,,74.75399167470323,30.915626260197243,0.00020678244443941246,trailing_stop,149538.89897566664
BTCUSDT,2021-05-27,2021-05-27T07:33:00+00:00,2021-05-27T07:58:00+00:00,long,38300.0,38215.92,0.39044098949260225,,74.76944948783333,-32.82827839653868,-0.00021953002610966516,trailing_stop,149506.0706972701
BTCUSDT,2021-05-28,2021-05-28T07:13:00+00:00,2021-05-28T07:20:00+00:00,long,37076.45,37197.29775,0.4032372859248124,,74.75303534863505,48.73031872012058,0.00032594207374222946,trailing_stop,149554.80101599023
BTCUSDT,2021-05-31,2021-05-31T07:02:00+00:00,2021-05-31T07:22:00+00:00,long,35115.27,35540.123649999994,0.42589677088056066,,74.77740050799513,180.94379763181877,0.001209882908489661,trailing_stop,149735.74481362206
BTCUSDT,2021-06-01,2021-06-01T07:33:00+00:00,2021-06-01T07:40:00+00:00,short,36710.19,36822.260949999996,0.4078860523838804,,74.86787240681103,-45.712177382408754,-0.00030528567136262134,trailing_stop,149690.03263623966
BTCUSDT,2021-06-02,2021-06-02T07:10:00+00:00,2021-06-02T07:54:00+00:00,long,36989.0,37215.055,0.40468796841287863,,74.84501631811983,91.4817386995734,0.0006111411500716437,trailing_stop,149781.51437493923
BTCUSDT,2021-06-03,2021-06-03T07:00:00+00:00,2021-06-03T07:02:00+00:00,long,38974.19,38844.319050000006,0.3843094991196461,,74.89075718746962,-49.91063974469138,-0.0003332229611442773,trailing_stop,149731.60373519454
BTCUSDT,2021-06-04,2021-06-04T07:03:00+00:00,2021-06-04T07:06:00+00:00,short,36529.83,36429.78,0.4098885862189737,,74.86580186759727,41.009353051209516,0.00027388575309549186,trailing_stop,149772.61308824577
BTCUSDT,2021-06-07,2021-06-07T07:00:00+00:00,2021-06-07T07:22:00+00:00,short,36035.55,36030.837750000006,0.4156246070567696,,74.88630654412289,1.9585270546019562,1.307667012157954e-05,trailing_stop,149774.57161530037
BTCUSDT,2021-06-08,2021-06-08T07:01:00+00:00,2021-06-08T07:07:00+00:00,short,32537.54,32285.6877,0.46031313865553564,,74.88728580765019,115.93092269061661,0.0007740360826294867,trailing_stop,149890.50253799098
BTCUSDT,2021-06-09,2021-06-09T07:04:00+00:00,2021-06-09T07:11:00+00:00,long,34360.0,34341.149999999994,0.4362354555820459,,74.94525126899549,-8.223038337724105,-5.486030267754896e-05,trailing_stop,149882.27949965326
BTCUSDT,2021-06-10,2021-06-10T07:59:00+00:00,2021-06-10T08:02:00+00:00,long,36980.0,36813.61,0.40530632639170705,,74.94113974982663,-67.4389196483159,-0.00044994591671173456,trailing_stop,149814.84058000494
BTCUSDT,2021-06-11,2021-06-11T07:05:00+00:00,2021-06-11T07:15:00+00:00,short,36450.0,36572.57,0.4110146517969957,,74.90742029000246,-50.378065870757645,-0.0003362688614540458,trailing_stop,149764.46251413418
BTCUSDT,2021-06-14,2021-06-14T07:55:00+00:00,2021-06-14T08:16:00+00:00,short,39455.86,39157.7693,0.3795747007266707,,74.88223125706709,113.14768824190404,0.0007555042520933536,trailing_stop,149877.6102023761
BTCUSDT,2021-06-15,2021-06-15T07:02:00+00:00,2021-06-15T07:30:00+00:00,short,40211.69,40301.05845,0.3727214901994323,,74.93880510118805,-33.3095418608114,-0.00022224494916775318,trailing_stop,149844.3006605153
BTCUSDT,2021-06-16,2021-06-16T07:16:00+00:00,2021-06-16T08:11:00+00:00,short,40222.41,40242.11205,0.37253933978723625,,74.92215033025765,-7.33978869945507,-4.898276856110778e-05,trailing_stop,149836.96087181583
BTCUSDT,2021-06-17,2021-06-17T07:00:00+00:00,2021-06-17T07:53:00+00:00,long,39294.73,39203.52635,0.3813156646497273,,74.91848043590791,-34.77738041823229,-0.0002321014802748437,trailing_stop,149802.1834913976
BTCUSDT,2021-06-18,2021-06-18T07:17:00+00:00,2021-06-18T07:31:00+00:00,long,37724.37,37605.67815,0.39709658104667506,,74.90109174569879,-47.13212783310595,-0.00031462911110245945,trailing_stop,149755.05136356447
BTCUSDT,2021-06-21,2021-06-21T08:09:00+00:00,2021-06-21T08:18:00+00:00,long,33100.86,33274.8857,0.45242042461605075,,74.87752568178225,78.7327810881047,0.0005257437420054897,trailing_stop,149833.78414465257
BTCUSDT,2021-06-22,2021-06-22T07:03:00+00:00,2021-06-22T07:06:00+00:00,long,32870.0,32735.65,0.45583749359492726,,74.91689207232629,-61.241767264477815,-0.00040873136598721803,trailing_stop,149772.5423773881
BTCUSDT,2021-06-23,2021-06-23T07:37:00+00:00,2021-06-23T07:55:00+00:00,long,34168.43,34025.85785,0.43833603820072536,,74.88627118869405,-62.494511388759534,-0.0004172628066317357,trailing_stop,149710.04786599934
BTCUSDT,2021-06-24,2021-06-24T07:28:00+00:00,2021-06-24T07:31:00+00:00,long,33206.79,33114.516050000006,0.45084167384441354,,74.85502393299967,-41.60094207023358,-0.0002778767535193713,trailing_stop,149668.4469239291
BTCUSDT,2021-06-25,2021-06-25T07:19:00+00:00,2021-06-25T07:25:00+00:00,short,34118.0,34170.7,0.43867884085799014,,74.83422346196454,-23.118374913214804,-0.00015446391933875692,trailing_stop,149645.3285490159
BTCUSDT,2021-06-28,2021-06-28T07:19:00+00:00,2021-06-28T07:22:00+00:00,long,34787.53,34756.62235,0.4301694559775181,,74.82266427450794,-13.295526986043972,-8.884692302098199e-05,trailing_stop,149632.03302202985
BTCUSDT,2021-06-29,2021-06-29T07:00:00+00:00,2021-06-29T07:01:00+00:00,long,35400.0,35223.0,0.42268935881929337,,74.81601651101492,-74.81601651101492,-0.0005,trailing_stop,149557.21700551885
BTCUSDT,2021-06-30,2021-06-30T07:23:00+00:00,2021-06-30T08:15:00+00:00,long,35090.0,35113.43,0.4262103647920172,,74.77860850275943,9.986108847077087,6.677115987460898e-05,trailing_stop,149567.20311436593
BTCUSDT,2021-07-01,2021-07-01T07:11:00+00:00,2021-07-01T07:13:00+00:00,short,33412.52,33479.582599999994,0.44763820003509447,,74.78360155718296,-30.019781553672395,-0.00020071099096984448,trailing_stop,149537.18333281224
BTCUSDT,2021-07-02,2021-07-02T07:01:00+00:00,2021-07-02T07:57:00+00:00,long,32999.0,33335.365,0.45315671181797096,,74.76859166640612,152.42605737065088,0.0010193187672353646,trailing_stop,149689.6093901829
BTCUSDT,2021-07-05,2021-07-05T07:02:00+00:00,2021-07-05T07:51:00+00:00,short,34214.63,34226.73315,0.4375017628136937,,74.84480469509144,-5.2951494605997125,-3.5374195190778454e-05,trailing_stop,149684.31424072228
BTCUSDT,2021-07-06,2021-07-06T07:19:00+00:00,2021-07-06T08:02:00+00:00,long,34792.39,34785.768050000006,0.4302214198010607,,74.84215712036114,-2.8489047308487843,-1.903275400164627e-05,trailing_stop,149681.46533599144
BTCUSDT,2021-07-07,2021-07-07T07:12:00+00:00,2021-07-07T07:54:00+00:00,long,34803.29,34745.263549999996,0.43007849354469485,,74.84073266799572,-24.95592820174864,-0.0001667269100134063,trailing_stop,149656.50940778968
BTCUSDT,2021-07-08,2021-07-08T07:29:00+00:00,2021-07-08T07:43:00+00:00,short,33061.57,32534.30785,0.45266002010125256,,74.82825470389484,238.67049541762904,0.0015947886019931864,trailing_stop,149895.17990320732
BTCUSDT,2021-07-09,2021-07-09T08:06:00+00:00,2021-07-09T08:28:00+00:00,short,32760.35,32761.80175,0.457550605848861,,74.94758995160366,-0.6642490920411638,-4.431423962198739e-06,trailing_stop,149894.51565411527
BTCUSDT,2021-07-12,2021-07-12T07:14:00+00:00,2021-07-12T07:40:00+00:00,long,34455.0,34337.725,0.4350443060633153,,74.94725782705764,-51.019820993575934,-0.00034037149905674494,trailing_stop,149843.4958331217
BTCUSDT,2021-07-13,2021-07-13T07:02:00+00:00,2021-07-13T07:44:00+00:00,long,33090.29,33167.87855,0.45283222308756355,,74.92174791656086,35.134595582640756,0.00023447527960619385,trailing_stop,149878.63042870435
BTCUSDT,2021-07-14,2021-07-14T07:35:00+00:00,2021-07-14T08:02:00+00:00,long,31942.35,31840.28825,0.46921604211557494,,74.93931521435218,-47.88901038638793,-0.00031951860148047065,trailing_stop,149830.74141831795
BTCUSDT,2021-07-15,2021-07-15T07:54:00+00:00,2021-07-15T08:06:00+00:00,short,32381.81,32521.55905,0.46270032903756136,,74.91537070915898,-64.66193141768593,-0.000431566518363237,trailing_stop,149766.07948690027
BTCUSDT,2021-07-16,2021-07-16T07:59:00+00:00,2021-07-16T08:02:00+00:00,long,31728.0,31637.78,0.4720312641417684,,74.88303974345014,-42.58666065087089,-0.00028435451336359416,trailing_stop,149723.4928262494
BTCUSDT,2021-07-19,2021-07-19T07:17:00+00:00,2021-07-19T07:28:00+00:00,long,31827.27,31695.24365,0.4704251820097966,,74.86174641312469,-62.108519728839156,-0.0004148214722783327,trailing_stop,149661.38430652054
BTCUSDT,2021-07-20,2021-07-20T07:03:00+00:00,2021-07-20T08:33:00+00:00,long,29759.93,29739.38035,0.5028956194000475,,74.83069215326027,-10.334328965204607,-6.905140569887375e-05,trailing_stop,149651.04997755535
BTCUSDT,2021-07-21,2021-07-21T07:00:00+00:00,2021-07-21T07:11:00+00:00,long,30900.0,30787.92,0.4843076051053571,,74.82552498877767,-54.281196380209266,-0.00036271844660194736,trailing_stop,149596.76878117514
BTCUSDT,2021-07-22,2021-07-22T07:05:00+00:00,2021-07-22T07:16:00+00:00,long,32098.0,32184.41,0.4660625857722448,,74.79838439058757,40.2724680365796,0.00026920680416225265,trailing_stop,149637.04124921173
BTCUSDT,2021-07-23,2021-07-23T07:06:00+00:00,2021-07-23T08:16:00+00:00,short,32490.0,32523.12,0.46056337719055623,,74.81852062460587,-15.253859052550753,-0.00010193905817174201,trailing_stop,149621.78739015918
BTCUSDT,2021-07-26,2021-07-26T07:38:00+00:00,2021-07-26T07:40:00+00:00,short,38376.07,38241.93035,0.3898830375026916,,74.81089369507959,52.29877419154689,0.0003495398304203566,trailing_stop,149674.08616435074
BTCUSDT,2021-07-27,2021-07-27T08:14:00+00:00,2021-07-27T08:40:00+00:00,long,37224.75,37263.87625,0.40208217963680276,,74.83704308217537,15.731967881014922,0.00010510816056521848,trailing_stop,149689.81813223174
BTCUSDT,2021-07-28,2021-07-28T07:41:00+00:00,2021-07-28T08:02:00+00:00,long,39799.17,39756.50415,0.37611291424477383,,74.84490906611587,-16.047177182229476,-0.00010720286377830892,trailing_stop,149673.77095504952
BTCUSDT,2021-07-29,2021-07-29T07:58:00+00:00,2021-07-29T08:09:00+00:00,short,39912.07,39875.60035,0.37500879046125524,,74.83688547752476,13.676439335044977,9.137499007192333e-05,trailing_stop,149687.44739438457
BTCUSDT,2021-07-30,2021-07-30T07:00:00+00:00,2021-07-30T07:55:00+00:00,long,39850.74,39683.7163,0.3756202454317902,,74.84372369719229,-62.73748318692491,-0.00041912320825158566,trailing_stop,149624.70991119763
BTCUSDT,2021-08-02,2021-08-02T07:07:00+00:00,2021-08-02T07:15:00+00:00,long,40325.68,40278.3816,0.37104076090272414,,74.81235495559882,-17.549634325481286,-0.00011729101654330362,trailing_stop,149607.16027687214
BTCUSDT,2021-08-03,2021-08-03T07:05:00+00:00,2021-08-03T08:02:00+00:00,long,38449.97,38473.50015,0.38909564890914644,,74.80358013843608,9.15547898317904,6.119679677252982e-05,trailing_stop,149616.31575585532
BTCUSDT,2021-08-04,2021-08-04T07:00:00+00:00,2021-08-04T08:01:00+00:00,short,37790.0,37863.13,0.39591509858654483,,74.80815787792766,-28.953271159632987,-0.00019351680338713248,trailing_stop,149587.36248469568
BTCUSDT,2021-08-05,2021-08-05T07:02:00+00:00,2021-08-05T08:02:00+00:00,short,39000.0,38917.0,0.3835573397043479,,74.79368124234784,31.83525919546088,0.00021282051282051285,trailing_stop,149619.19774389116
BTCUSDT,2021-08-06,2021-08-06T08:00:00+00:00,2021-08-06T08:07:00+00:00,short,40706.22,40738.5711,0.367558564130718,,74.80959887194558,-11.89092386404922,-7.947458643912371e-05,trailing_stop,149607.3068200271
BTCUSDT,2021-08-09,2021-08-09T07:04:00+00:00,2021-08-09T07:19:00+00:00,long,43619.95,43401.90025,0.34297908828420737,,74.80365341001355,-74.78650445559876,-0.0004998853735504014,trailing_stop,149532.52031557148
BTCUSDT,2021-08-10,2021-08-10T07:05:00+00:00,2021-08-10T07:33:00+00:00,short,45360.0,45526.8,0.32965723173626865,,74.76626015778574,-54.98682625361057,-0.0003677248677248741,trailing_stop,149477.53348931787
BTCUSDT,2021-08-11,2021-08-11T07:02:00+00:00,2021-08-11T07:23:00+00:00,long,46250.0,46202.42,0.3231946670039305,,74.73876674465893,-15.377602256047577,-0.00010287567567567945,trailing_stop,149462.15588706182
BTCUSDT,2021-08-12,2021-08-12T07:00:00+00:00,2021-08-12T07:30:00+00:00,long,45237.28,45161.8136,0.3303959828863756,,74.7310779435309,-24.93379540289556,-0.00016682346949241318,trailing_stop,149437.2220916589
BTCUSDT,2021-08-16,2021-08-16T07:29:00+00:00,2021-08-16T08:01:00+00:00,long,47453.22,47262.7339,0.31491481946148,,74.71861104582946,-59.98689579142202,-0.0004014187024610804,trailing_stop,149377.23519586748
BTCUSDT,2021-08-17,2021-08-17T07:01:00+00:00,2021-08-17T07:16:00+00:00,short,45735.0,45865.645000000004,0.3266147047028916,,74.68861759793374,-42.67057809591061,-0.00028565649939871885,trailing_stop,149334.56461777157
BTCUSDT,2021-08-18,2021-08-18T07:05:00+00:00,2021-08-18T08:07:00+00:00,short,45222.01,45079.910050000006,0.3302254026695664,,74.66728230888579,46.925013208073985,0.00031422740829077737,trailing_stop,149381.48963097963
BTCUSDT,2021-08-19,2021-08-19T07:35:00+00:00,2021-08-19T07:56:00+00:00,short,44261.75,44437.30875,0.33749566980740625,,74.69074481548982,-59.250317921799805,-0.00039663761600026325,trailing_stop,149322.23931305783
BTCUSDT,2021-08-20,2021-08-20T07:31:00+00:00,2021-08-20T08:02:00+00:00,short,47001.02,46935.2451,0.31769999738954136,,74.66111965652891,20.896685558296298,0.0001399435586716984,trailing_stop,149343.1359986161
BTCUSDT,2021-08-23,2021-08-23T08:12:00+00:00,2021-08-23T10:08:00+00:00,long,50178.0,50188.3,0.29762672087093167,,74.67156799930805,3.0655552249714626,2.0526924150031707e-05,trailing_stop,149346.2015538411
BTCUSDT,2021-08-24,2021-08-24T07:00:00+00:00,2021-08-24T08:18:00+00:00,long,49800.0,49611.0,0.29989197099164877,,74.67310077692055,-56.679582517421615,-0.0003795180722891566,trailing_stop,149289.52197132367
BTCUSDT,2021-08-25,2021-08-25T07:18:00+00:00,2021-08-25T07:34:00+00:00,long,48468.75,48262.92625,0.3080119086448973,,74.64476098566183,-63.396166081951165,-0.0004246524822695101,trailing_stop,149226.12580524173
BTCUSDT,2021-08-26,2021-08-26T08:08:00+00:00,2021-08-26T08:16:00+00:00,long,47049.25,46857.74375,0.31717004161648005,,74.61306290262087,-60.74004528231557,-0.00040703358714538185,trailing_stop,149165.3857599594
BTCUSDT,2021-08-27,2021-08-27T07:15:00+00:00,2021-08-27T07:24:00+00:00,short,47032.02,47075.9001,0.31715708948915955,,74.5826928799797,-13.916884802493946,-9.329835290936289e-05,trailing_stop,149151.46887515692
BTCUSDT,2021-08-30,2021-08-30T08:26:00+00:00,2021-08-30T09:05:00+00:00,long,47999.94,47960.0003,0.31073261523901263,,74.57573443757846,-12.410567432862411,-8.320781234310425e-05,trailing_stop,149139.05830772404
BTCUSDT,2021-08-31,2021-08-31T07:02:00+00:00,2021-08-31T07:10:00+00:00,short,46954.33,47058.65165,0.31762578298470884,,74.56952915386202,-33.13524576350613,-0.00022217684716190823,trailing_stop,149105.92306196055
BTCUSDT,2021-09-01,2021-09-01T07:42:00+00:00,2021-09-01T08:10:00+00:00,short,47180.67,47326.21335,0.31603180510569384,,74.55296153098028,-45.99632762162976,-0.00030848088846555154,trailing_stop,149059.92673433892
BTCUSDT,2021-09-02,2021-09-02T07:01:00+00:00,2021-09-02T07:29:00+00:00,long,50000.0,50200.0,0.2981198534686778,,74.52996336716946,59.623970693735565,0.00039999999999999996,trailing_stop,149119.55070503266
BTCUSDT,2021-09-03,2021-09-03T07:11:00+00:00,2021-09-03T07:37:00+00:00,short,49311.11,49525.16555,0.30240558508018306,,74.55977535251633,-64.73159383740956,-0.00043409193181819937,trailing_stop,149054.81911119525
BTCUSDT,2021-09-06,2021-09-06T07:44:00+00:00,2021-09-06T07:50:00+00:00,long,51890.9,51734.9155,0.2872465482602831,,74.52740955559763,-44.806009207105745,-0.00030060087606882647,trailing_stop,149010.01310198815
BTCUSDT,2021-09-07,2021-09-07T07:00:00+00:00,2021-09-07T07:36:00+00:00,short,52329.43,52323.067149999995,0.28475374775148166,,74.50500655099408,1.811845383881934,1.2159219009274481e-05,trailing_stop,149011.82494737202
BTCUSDT,2021-09-08,2021-09-08T07:54:00+00:00,2021-09-08T08:02:00+00:00,short,45090.58,45250.4929,0.3304721849826993,,74.50591247368601,-52.84676546991848,-0.0003546481327141849,trailing_stop,148958.97818190212
BTCUSDT,2021-09-09,2021-09-09T07:01:00+00:00,2021-09-09T07:09:00+00:00,short,46030.82,46113.5741,0.32360704889007436,,74.47948909095106,-26.77981008455355,-0.00017977976494878495,trailing_stop,148932.19837181756
BTCUSDT,2021-09-10,2021-09-10T07:00:00+00:00,2021-09-10T07:43:00+00:00,short,46365.51,46131.82755,0.3212133294162354,,74.46609918590879,75.06191779064304,0.0005040006030344544,trailing_stop,149007.2602896082
BTCUSDT,2021-09-13,2021-09-13T07:16:00+00:00,2021-09-13T07:35:00+00:00,short,44642.0,44439.21,0.33378267167601855,,74.5036301448041,67.6877879891801,0.0004542583217597797,trailing_stop,149074.9480775974
BTCUSDT,2021-09-14,2021-09-14T07:00:00+00:00,2021-09-14T07:16:00+00:00,long,45712.76,45653.036199999995,0.32611233291885544,,74.53747403879869,-19.47666774878143,-0.00013065017294953756,trailing_stop,149055.4714098486
BTCUSDT,2021-09-15,2021-09-15T07:11:00+00:00,2021-09-15T08:43:00+00:00,long,47031.87,47082.540649999995,0.31692439915710047,,74.5277357049243,16.058765306147436,0.00010773683887115853,trailing_stop,149071.53017515474
BTCUSDT,2021-09-16,2021-09-16T07:10:00+00:00,2021-09-16T08:04:00+00:00,long,48444.0,48257.78,0.30771928448343394,,74.53576508757737,-57.303485156505424,-0.0003844026091982519,trailing_stop,149014.22668999824
BTCUSDT,2021-09-17,2021-09-17T07:00:00+00:00,2021-09-17T07:26:00+00:00,long,48099.62,47889.5019,0.30980333460014486,,74.50711334499911,-65.09528803984661,-0.0004368394178581861,trailing_stop,148949.13140195838
BTCUSDT,2021-09-20,2021-09-20T07:03:00+00:00,2021-09-20T07:17:00+00:00,long,45796.97,45570.79515,0.32523796094361346,,74.4745657009792,-73.56064703072863,-0.0004938642228951021,trailing_stop,148875.57075492764
BTCUSDT,2021-09-21,2021-09-21T07:42:00+00:00,2021-09-21T07:47:00+00:00,long,42996.0,43056.219999999994,0.3462544672874864,,74.43778537746383,20.851444020050312,0.00014005954042235066,trailing_stop,148896.4221989477
BTCUSDT,2021-09-22,2021-09-22T07:00:00+00:00,2021-09-22T07:03:00+00:00,long,42369.99,42215.710049999994,0.35141953585296504,,74.44821109947385,-54.216988420419966,-0.00036412552846956946,trailing_stop,148842.20521052726
BTCUSDT,2021-09-23,2021-09-23T08:01:00+00:00,2021-09-23T08:16:00+00:00,long,44261.53,44075.94235,0.336278942934253,,74.42110260526363,-62.409218763652554,-0.00041929786430790195,trailing_stop,148779.79599176362
BTCUSDT,2021-09-24,2021-09-24T07:07:00+00:00,2021-09-24T07:10:00+00:00,long,44449.46,44519.352699999996,0.33471676819417745,,74.38989799588181,23.39425866436408,0.00015724083037228507,trailing_stop,148803.190250428
BTCUSDT,2021-09-27,2021-09-27T07:11:00+00:00,2021-09-27T07:15:00+00:00,short,43678.58,43887.3929,0.3406777194918607,,74.401595125214,-71.137902572481,-0.0004780670525461156,trailing_stop,148732.0523478555
BTCUSDT,2021-09-28,2021-09-28T07:20:00+00:00,2021-09-28T07:36:00+00:00,short,41855.99,41949.20995,0.3553423353452051,,74.36602617392775,-33.12499473376282,-0.0002227159123461153,trailing_stop,148698.92735312175
BTCUSDT,2021-09-30,2021-09-30T07:04:00+00:00,2021-09-30T07:23:00+00:00,short,43362.51,43433.972550000006,0.342920479817985,,74.34946367656087,-24.50597193501806,-0.00016480261405532988,trailing_stop,148674.42138118672
BTCUSDT,2021-10-01,2021-10-01T07:01:00+00:00,2021-10-01T08:15:00+00:00,long,44048.56,44778.7572,0.3375239085708744,,74.33721069059337,246.45901297150928,0.0016577095823336846,trailing_stop,148920.88039415824
BTCUSDT,2021-10-04,2021-10-04T07:59:00+00:00,2021-10-04T08:29:00+00:00,long,47789.0,47723.565,0.3116216710836348,,74.46044019707912,-20.390964047356917,-0.0001369248153340678,trailing_stop,148900.4894301109
BTCUSDT,2021-10-05,2021-10-05T07:00:00+00:00,2021-10-05T07:19:00+00:00,short,49252.07,49497.13035,0.30232331236049753,,74.45024471505545,-74.08745674022278,-0.0004975635541815801,trailing_stop,148826.40197337067
BTCUSDT,2021-10-06,2021-10-06T07:02:00+00:00,2021-10-06T07:26:00+00:00,short,51459.12,51369.09,0.2892128780542121,,74.41320098668534,26.03783541122248,0.00017495441041355956,trailing_stop,148852.4398087819
BTCUSDT,2021-10-07,2021-10-07T07:06:00+00:00,2021-10-07T07:24:00+00:00,short,54375.83,54507.20915,0.2737474348599035,,74.42621990439095,-35.96470530657467,-0.0002416131395143773,trailing_stop,148816.47510347533
BTCUSDT,2021-10-08,2021-10-08T07:11:00+00:00,2021-10-08T07:50:00+00:00,long,54286.9,54696.5355,0.2741296244646044,,74.40823755173767,112.29322578236956,0.0007545752290147287,trailing_stop,148928.7683292577
BTCUSDT,2021-10-11,2021-10-11T07:04:00+00:00,2021-10-11T07:15:00+00:00,long,56776.51,56666.11745,0.2623070145193103,,74.46438416462885,-28.95674021567477,-0.00019443349018811494,trailing_stop,148899.81158904202
BTCUSDT,2021-10-12,2021-10-12T07:39:00+00:00,2021-10-12T08:34:00+00:00,long,57448.0,57331.75,0.25919059251678395,,74.44990579452102,-30.130906380076134,-0.00020235691407881915,trailing_stop,148869.68068266194
BTCUSDT,2021-10-13,2021-10-13T07:22:00+00:00,2021-10-13T07:32:00+00:00,short,55100.0,54939.57,0.2701809086799672,,74.43484034133097,43.345123179527214,0.00029116152450090794,trailing_stop,148913.02580584146
BTCUSDT,2021-10-14,2021-10-14T07:41:00+00:00,2021-10-14T08:24:00+00:00,short,57480.76,57614.9938,0.2590658610043456,,74.45651290292074,-34.7753949728837,-0.0002335282275321247,trailing_stop,148878.25041086858
BTCUSDT,2021-10-15,2021-10-15T07:23:00+00:00,2021-10-15T08:20:00+00:00,short,59358.0,59379.89,0.25081412852668317,,74.4391252054343,-5.490321273448949,-3.687792715387887e-05,trailing_stop,148872.76008959513
BTCUSDT,2021-10-18,2021-10-18T07:15:00+00:00,2021-10-18T07:38:00+00:00,long,62435.63,62383.60185,0.23844199232008254,,74.43638004479757,-12.40569574272769,-8.33308641235754e-05,trailing_stop,148860.3543938524
BTCUSDT,2021-10-19,2021-10-19T07:47:00+00:00,2021-10-19T08:10:00+00:00,long,62237.6,62028.812,0.2391807434635211,,74.43017719692621,-49.938069066261754,-0.00033546923403216135,trailing_stop,148810.41632478614
BTCUSDT,2021-10-20,2021-10-20T07:25:00+00:00,2021-10-20T09:05:00+00:00,long,63975.23,63930.12385,0.23260630141507294,,74.40520816239308,-10.491974722573403,-7.050564726379198e-05,trailing_stop,148799.92435006358
BTCUSDT,2021-10-21,2021-10-21T07:18:00+00:00,2021-10-21T08:50:00+00:00,long,64819.07,65800.07465,0.22956195506980212,,74.39996217503179,225.2013453865659,0.0015134506712299258,trailing_stop,149025.12569545014
BTCUSDT,2021-10-22,2021-10-22T07:25:00+00:00,2021-10-22T08:31:00+00:00,long,62842.8,63326.716,0.2371395381737449,,74.51256284772508,114.75561675488532,0.0007700420732367073,trailing_stop,149139.88131220502
BTCUSDT,2021-10-25,2021-10-25T07:11:00+00:00,2021-10-25T09:35:00+00:00,long,62080.0,62670.96,0.2402382108766189,,74.56994065610252,141.9711730996465,0.0009519329896907203,trailing_stop,149281.85248530467
BTCUSDT,2021-10-26,2021-10-26T07:15:00+00:00,2021-10-26T07:54:00+00:00,short,62212.0,62495.07,0.23995668437810178,,74.64092624265234,-67.9245386469092,-0.0004550086799974277,trailing_stop,149213.92794665776
BTCUSDT,2021-10-27,2021-10-27T07:01:00+00:00,2021-10-27T07:07:00+00:00,short,60631.32,60864.2566,0.24610041138252925,,74.60696397332887,-57.32579308604789,-0.00038418526926347783,trailing_stop,149156.6021535717
BTCUSDT,2021-10-28,2021-10-28T07:34:00+00:00,2021-10-28T08:02:00+00:00,short,58879.95,59144.39975,0.25332324866711287,,74.57830107678585,-66.99126977920577,-0.00044913378832692587,trailing_stop,149089.61088379248
BTCUSDT,2021-10-29,2021-10-29T07:12:00+00:00,2021-10-29T07:37:00+00:00,short,61020.74,60655.5437,0.24432612728687408,,74.54480544189624,89.22699767849447,0.000598478976164491,trailing_stop,149178.83788147097
BTCUSDT,2021-11-01,2021-11-01T08:00:00+00:00,2021-11-01T08:11:00+00:00,long,62298.0,62126.25,0.2394600755746107,,74.58941894073548,-41.12726797993938,-0.00027569103342001345,trailing_stop,149137.71061349104
BTCUSDT,2021-11-02,2021-11-02T08:07:00+00:00,2021-11-02T08:48:00+00:00,short,61485.0,61663.875,0.2425595033154282,,74.56885530674552,-43.38783115554722,-0.00029092461575994143,trailing_stop,149094.32278233548
BTCUSDT,2021-11-03,2021-11-03T08:33:00+00:00,2021-11-03T09:27:00+00:00,short,62900.0,63187.44,0.237033899494969,,74.54716139116775,-68.13302407083444,-0.00045697933227345364,trailing_stop,149026.18975826463
BTCUSDT,2021-11-04,2021-11-04T08:03:00+00:00,2021-11-04T08:19:00+00:00,short,61819.51,62002.38755,0.2410665981633705,,74.51309487913232,-44.085668858951074,-0.00029582497499575365,trailing_stop,148982.10408940568
BTCUSDT,2021-11-05,2021-11-05T08:05:00+00:00,2021-11-05T11:31:00+00:00,short,62101.04,61544.5052,0.239902752175174,,74.49105204470284,133.51423020126035,0.0008961762959203281,trailing_stop,149115.61831960693
BTCUSDT,2021-11-08,2021-11-08T08:52:00+00:00,2021-11-08T09:28:00+00:00,long,65999.54,66093.0023,0.22593432972352073,,74.55780915980347,21.116342104918438,0.00014161053243704313,trailing_stop,149136.73466171185
BTCUSDT,2021-11-09,2021-11-09T08:34:00+00:00,2021-11-09T10:31:00+00:00,long,67995.0,67898.025,0.219334855006562,,74.56836733085592,-21.269997564262628,-0.00014262078093978353,trailing_stop,149115.46466414758
BTCUSDT,2021-11-10,2021-11-10T08:19:00+00:00,2021-11-10T10:55:00+00:00,long,66750.11,66765.24945,0.22339358641378657,,74.5577323320738,3.382056031832737,2.268078659346389e-05,trailing_stop,149118.84672017943
BTCUSDT,2021-11-11,2021-11-11T08:14:00+00:00,2021-11-11T08:47:00+00:00,short,64867.2,64874.886000000006,0.22988327956221236,,74.55942336008971,-1.7668828867171846,-1.1848823442369623e-05,trailing_stop,149117.07983729272
BTCUSDT,2021-11-12,2021-11-12T08:02:00+00:00,2021-11-12T08:05:00+00:00,short,64202.68,64521.0134,0.23225989917756193,,74.55853991864636,-73.93608338885123,-0.0004958257194248015,trailing_stop,149043.14375390386
BTCUSDT,2021-11-15,2021-11-15T08:13:00+00:00,2021-11-15T08:46:00+00:00,short,65475.01,65571.84505,0.22763363266978326,,74.52157187695194,-22.042914201260437,-0.0001478961973430802,trailing_stop,149021.1008397026
BTCUSDT,2021-11-16,2021-11-16T08:41:00+00:00,2021-11-16T09:01:00+00:00,long,60949.99,61165.660050000006,0.24449733435510423,,74.5105504198513,52.73075232523398,0.00035384755600453404,trailing_stop,149073.83159202783
BTCUSDT,2021-11-17,2021-11-17T08:56:00+00:00,2021-11-17T09:16:00+00:00,short,59571.42,59356.2071,0.25024387800731934,,74.53691579601391,53.855710693201075,0.0003612687090554475,trailing_stop,149127.68730272102
BTCUSDT,2021-11-18,2021-11-18T08:02:00+00:00,2021-11-18T08:07:00+00:00,long,59816.32,59541.8084,0.24930936457261335,,74.56384365136051,-68.43831256381091,-0.00045892425344788517,trailing_stop,149059.2489901572
BTCUSDT,2021-11-19,2021-11-19T08:08:00+00:00,2021-11-19T08:49:00+00:00,long,56230.0,57113.13,0.2650884741066285,,74.52962449507861,234.10758413778615,0.0015705673128223322,trailing_stop,149293.356574295
BTCUSDT,2021-11-22,2021-11-22T08:00:00+00:00,2021-11-22T08:37:00+00:00,short,57250.34,57522.7717,0.2607728732690409,,74.64667828714751,-71.04279717856963,-0.0004758604053705201,trailing_stop,149222.31377711642
BTCUSDT,2021-11-23,2021-11-23T08:21:00+00:00,2021-11-23T08:28:00+00:00,short,55809.45,55970.04725,0.26737821959742736,,74.61115688855821,-42.94020677724459,-0.00028775995821497287,trailing_stop,149179.37357033917
BTCUSDT,2021-11-24,2021-11-24T08:03:00+00:00,2021-11-24T08:28:00+00:00,short,56389.0,56670.945,0.2645540328261526,,74.58968678516959,-74.58968678516952,-0.0004999999999999996,trailing_stop,149104.78388355402
BTCUSDT,2021-11-25,2021-11-25T08:01:00+00:00,2021-11-25T08:47:00+00:00,long,57705.47,57636.872650000005,0.25838934139788483,,74.552391941777,-17.724824088139258,-0.00011887495240918472,trailing_stop,149087.0590594659
BTCUSDT,2021-11-26,2021-11-26T08:02:00+00:00,2021-11-26T08:11:00+00:00,short,56636.57,56678.75285,0.26323461865622494,,74.54352952973295,-11.103986433582058,-7.447988110861484e-05,trailing_stop,149075.9550730323
BTCUSDT,2021-11-29,2021-11-29T08:09:00+00:00,2021-11-29T10:21:00+00:00,short,57450.0,56953.92,0.259488172450883,,74.53797753651615,128.7268925894345,0.0008634986945169743,trailing_stop,149204.68196562174
BTCUSDT,2021-11-30,2021-11-30T08:34:00+00:00,2021-11-30T08:47:00+00:00,long,56607.49,57103.54255,0.2635776325105066,,74.60234098281087,130.74835672979978,0.0008763019699336614,trailing_stop,149335.43032235155
BTCUSDT,2021-12-01,2021-12-01T08:09:00+00:00,2021-12-01T08:16:00+00:00,short,56982.83,57137.25414999999,0.2620709261409999,,74.66771516117578,-40.470080009034504,-0.0002710011945703498,trailing_stop,149294.96024234252
BTCUSDT,2021-12-02,2021-12-02T08:02:00+00:00,2021-12-02T09:26:00+00:00,long,56961.43,56890.84285,0.2620983360887227,,74.64748012117127,-18.50077456424492,-0.00012392095844503795,trailing_stop,149276.45946777827
BTCUSDT,2021-12-03,2021-12-03T08:05:00+00:00,2021-12-03T09:56:00+00:00,short,56616.97,56709.43485,0.26366027618182014,,74.63822973388913,-24.37930788810969,-0.00016331649327047464,trailing_stop,149252.08015989017
BTCUSDT,2021-12-06,2021-12-06T08:00:00+00:00,2021-12-06T08:05:00+00:00,long,48433.0,49166.765,0.308161956021494,,74.62604007994508,226.11845766011135,0.0015150104267751315,trailing_stop,149478.19861755028
BTCUSDT,2021-12-07,2021-12-07T08:02:00+00:00,2021-12-07T08:21:00+00:00,short,50811.44,51064.0872,0.29418217357656123,,74.73909930877514,-74.32430244403201,-0.0004972250343623393,trailing_stop,149403.87431510625
BTCUSDT,2021-12-08,2021-12-08T08:11:00+00:00,2021-12-08T08:22:00+00:00,long,50579.99,50367.30005,0.29538138365607874,,74.70193715755313,-62.82465172074219,-0.0004205021590553892,trailing_stop,149341.04966338552
BTCUSDT,2021-12-09,2021-12-09T08:35:00+00:00,2021-12-09T08:37:00+00:00,short,49497.3,49463.2265,0.30171554744074025,,74.67052483169276,10.280504705723837,6.883910839582337e-05,trailing_stop,149351.33016809126
BTCUSDT,2021-12-10,2021-12-10T08:35:00+00:00,2021-12-10T09:27:00+00:00,long,48037.48,47973.6026,0.3109058388743357,,74.67566508404563,-19.859856632113,-0.00013297408606780548,trailing_stop,149331.47031145915
BTCUSDT,2021-12-13,2021-12-13T08:07:00+00:00,2021-12-13T08:09:00+00:00,short,48554.77,48558.67,0.3075526262640296,,74.66573515572958,-1.199455242430163,-8.032166561599315e-06,trailing_stop,149330.27085621672
BTCUSDT,2021-12-14,2021-12-14T08:00:00+00:00,2021-12-14T08:07:00+00:00,long,47050.0,47052.74,0.31738633550736817,,74.66513542810836,0.8696385592895421,5.823591923481323e-06,trailing_stop,149331.14049477602
BTCUSDT,2021-12-15,2021-12-15T08:18:00+00:00,2021-12-15T08:48:00+00:00,long,48450.0,48607.75,0.30821700824515175,,74.665570247388,48.621233050672686,0.000325593395252838,trailing_stop,149379.7617278267
BTCUSDT,2021-12-16,2021-12-16T08:12:00+00:00,2021-12-16T08:45:00+00:00,short,48689.65,48852.068250000004,0.3067998265089741,,74.68988086391334,-49.82989092189193,-0.0003335785942186942,trailing_stop,149329.9318369048
BTCUSDT,2021-12-17,2021-12-17T08:09:00+00:00,2021-12-17T08:15:00+00:00,long,47132.01,46937.22995,0.31683336194850337,,74.66496591845241,-61.712818081997966,-0.0004132648915248919,trailing_stop,149268.21901882283
BTCUSDT,2021-12-20,2021-12-20T08:26:00+00:00,2021-12-20T08:36:00+00:00,long,46545.22,46321.2739,0.32069505530067927,,74.63410950941142,-71.81840692387178,-0.00048113662369627004,trailing_stop,149196.40061189895
BTCUSDT,2021-12-21,2021-12-21T08:03:00+00:00,2021-12-21T08:13:00+00:00,long,48671.56,48756.6422,0.30653712478477974,,74.59820030594948,26.08085295836493,0.0001748088616843273,trailing_stop,149222.48146485732
BTCUSDT,2021-12-22,2021-12-22T08:05:00+00:00,2021-12-22T08:23:00+00:00,short,49103.06,49345.0553,0.3038965014906552,,74.61124073242867,-73.54152504718226,-0.0004928314039898986,trailing_stop,149148.93993981014
BTCUSDT,2021-12-23,2021-12-23T08:59:00+00:00,2021-12-23T11:31:00+00:00,long,48332.01,48300.19995,0.3085924627173795,,74.57446996990507,-9.816341668662993,-6.581569854016013e-05,trailing_stop,149139.12359814148
BTCUSDT,2021-12-24,2021-12-24T08:14:00+00:00,2021-12-24T11:27:00+00:00,long,51076.98,51294.6151,0.29198892259906806,,74.56956179907074,63.547038368740296,0.0004260923414031125,trailing_stop,149202.6706365102
BTCUSDT,2021-12-27,2021-12-27T08:49:00+00:00,2021-12-27T09:55:00+00:00,short,50632.02,50752.9301,0.29468046235664747,,74.60133531825511,-35.629844171588765,-0.00023880165160307837,trailing_stop,149167.04079233864
BTCUSDT,2021-12-28,2021-12-28T08:11:00+00:00,2021-12-28T09:43:00+00:00,long,49316.81,49197.87595,0.3024669292120448,,74.58352039616932,-35.97361688225065,-0.000241163307196869,trailing_stop,149131.06717545638
BTCUSDT,2021-12-29,2021-12-29T08:00:00+00:00,2021-12-29T08:35:00+00:00,short,47522.89,47742.61445,0.3138089185557873,,74.5655335877282,-68.95149203476564,-0.00046235498304080734,trailing_stop,149062.1156834216
BTCUSDT,2021-12-30,2021-12-30T08:03:00+00:00,2021-12-30T08:17:00+00:00,long,47105.37,46959.54315,0.3164439971141753,,74.5310578417108,-46.14603130057083,-0.000309575850906181,trailing_stop,149015.96965212104
BTCUSDT,2021-12-31,2021-12-31T08:23:00+00:00,2021-12-31T08:53:00+00:00,long,47229.99,48312.11005,0.315511330093699,,74.50798482606052,341.42113629656166,0.002291171456949292,trailing_stop,149357.3907884176
BTCUSDT,2022-01-03,2022-01-03T08:00:00+00:00,2022-01-03T09:16:00+00:00,long,47080.0,46900.57,0.31724169666188956,,74.6786953942088,-56.922677632042934,-0.0003811172472387432,trailing_stop,149300.46811078556
BTCUSDT,2022-01-04,2022-01-04T08:00:00+00:00,2022-01-04T08:45:00+00:00,long,46600.21,46449.05895,0.320385826825213,,74.65023405539279,-48.42665412974924,-0.00032435701470014924,trailing_stop,149252.0414566558
BTCUSDT,2022-01-05,2022-01-05T08:05:00+00:00,2022-01-05T08:44:00+00:00,short,46333.78,46482.158899999995,0.3221236028156041,,74.6260207283279,-47.79634584981497,-0.000320239143018325,trailing_stop,149204.245110806
BTCUSDT,2022-01-06,2022-01-06T08:25:00+00:00,2022-01-06T09:40:00+00:00,short,43032.64,42753.27,0.3467234292639401,,74.602122555403,96.86412443346786,0.0006492048826193388,trailing_stop,149301.10923523945
BTCUSDT,2022-01-07,2022-01-07T08:03:00+00:00,2022-01-07T08:27:00+00:00,long,41731.36,42545.59,0.35776717853249795,,74.65055461761972,291.3047697765144,0.0019511226089923644,trailing_stop,149592.41400501598
BTCUSDT,2022-01-10,2022-01-10T08:16:00+00:00,2022-01-10T09:35:00+00:00,short,41901.0,41920.465,0.3570139471731366,,74.79620700250798,-6.9492764817238575,-4.6454738550384254e-05,trailing_stop,149585.46472853425
BTCUSDT,2022-01-11,2022-01-11T08:02:00+00:00,2022-01-11T08:25:00+00:00,long,42280.0,42416.26,0.3537972202661642,,74.79273236426712,48.20840923346826,0.00032228003784295656,trailing_stop,149633.6731377677
BTCUSDT,2022-01-12,2022-01-12T08:10:00+00:00,2022-01-12T09:39:00+00:00,long,42637.2,42696.734,0.35094629370073016,,74.81683656888386,20.893236649179148,0.00013962924394659982,trailing_stop,149654.5663744169
BTCUSDT,2022-01-13,2022-01-13T08:09:00+00:00,2022-01-13T09:43:00+00:00,long,43764.98,43772.9551,0.34195049643440234,,74.82728318720845,2.7270894041126406,1.8222560595243088e-05,trailing_stop,149657.293463821
BTCUSDT,2022-01-14,2022-01-14T08:00:00+00:00,2022-01-14T08:47:00+00:00,short,42599.99,42457.36995,0.35130828308603124,,74.8286467319105,50.10360489914313,0.00033478892835420317,trailing_stop,149707.39706872014
BTCUSDT,2022-01-17,2022-01-17T08:02:00+00:00,2022-01-17T08:35:00+00:00,short,42643.0,42781.145,0.3510714468229724,,74.85369853436006,-48.4987650213584,-0.0003239570386698797,trailing_stop,149658.89830369878
BTCUSDT,2022-01-18,2022-01-18T08:06:00+00:00,2022-01-18T09:25:00+00:00,short,41951.14,41662.7557,0.3567457244396667,,74.82944915184939,102.87986602052541,0.000687428994778206,trailing_stop,149761.7781697193
BTCUSDT,2022-01-19,2022-01-19T08:34:00+00:00,2022-01-19T08:54:00+00:00,short,41161.2,41344.365999999995,0.36384210900002745,,74.88088908485965,-66.6435037370981,-0.0004449967445069567,trailing_stop,149695.1346659822
BTCUSDT,2022-01-20,2022-01-20T08:17:00+00:00,2022-01-20T09:39:00+00:00,short,41930.77,42017.593850000005,0.3570054512854932,,74.84756733299109,-30.99658775159681,-0.00020706476413385197,trailing_stop,149664.13807823058
BTCUSDT,2022-01-21,2022-01-21T08:05:00+00:00,2022-01-21T08:16:00+00:00,long,39177.2,39101.664000000004,0.3820184650210597,,74.8320690391153,-28.85614677382801,-0.00019280601982784066,trailing_stop,149635.28193145676
BTCUSDT,2022-01-24,2022-01-24T08:46:00+00:00,2022-01-24T08:46:00+00:00,short,34811.87,34985.929350000006,0.42983982742511895,,74.81764096572839,-74.81764096572974,-0.0005000000000000091,initial_stop_same_bar,149560.46429049104
BTCUSDT,2022-01-25,2022-01-25T08:02:00+00:00,2022-01-25T08:06:00+00:00,long,36106.0,36113.1,0.4142260684941313,,74.78023214524552,2.9410050863077295,1.966432171937779e-05,trailing_stop,149563.40529557734
BTCUSDT,2022-01-26,2022-01-26T08:05:00+00:00,2022-01-26T08:47:00+00:00,long,37400.0,37513.17,0.3999021531967309,,74.78170264778868,45.256926677273334,0.0003025935828876959,trailing_stop,149608.6622222546
BTCUSDT,2022-01-27,2022-01-27T08:32:00+00:00,2022-01-27T08:37:00+00:00,short,36079.57,35996.197850000004,0.4146630966562368,,74.80433111112731,34.571353893886446,0.00023107855775441778,trailing_stop,149643.2335761485
BTCUSDT,2022-01-28,2022-01-28T08:00:00+00:00,2022-01-28T08:27:00+00:00,short,36777.77,36613.508850000006,0.4068850111797113,,74.82161678807425,66.83539985413864,0.0004466316201335513,trailing_stop,149710.06897600263
BTCUSDT,2022-01-31,2022-01-31T08:16:00+00:00,2022-01-31T11:25:00+00:00,long,37196.91,37164.01545,0.40247985377280704,,74.85503448800132,-13.239393673924113,-8.843355536791774e-05,trailing_stop,149696.8295823287
BTCUSDT,2022-02-01,2022-02-01T08:02:00+00:00,2022-02-01T09:18:00+00:00,long,38462.69,38907.68655,0.389200104262933,,74.84841479116436,173.192703656644,0.0011569563907256517,trailing_stop,149870.02228598535
BTCUSDT,2022-02-02,2022-02-02T08:06:00+00:00,2022-02-02T10:19:00+00:00,long,38388.46,38372.9277,0.39040384085734453,,74.93501114299268,-6.063869577348119,-4.046085724720122e-05,trailing_stop,149863.95841640802
BTCUSDT,2022-02-03,2022-02-03T08:13:00+00:00,2022-02-03T09:18:00+00:00,long,37093.03,36921.44485,0.40402188340075756,,74.93197920820401,-69.32415546660108,-0.0004625805710668527,trailing_stop,149794.6342609414
BTCUSDT,2022-02-04,2022-02-04T08:08:00+00:00,2022-02-04T08:35:00+00:00,long,38006.92,37857.945400000004,0.3941246337796944,,74.89731713047071,-58.71455966747414,-0.0003919670417913215,trailing_stop,149735.91970127393
BTCUSDT,2022-02-07,2022-02-07T08:19:00+00:00,2022-02-07T09:58:00+00:00,short,42551.96,42446.849799999996,0.35188959498287253,,74.86795985063696,36.98718570656972,0.00024701611864648025,trailing_stop,149772.9068869805
BTCUSDT,2022-02-08,2022-02-08T08:06:00+00:00,2022-02-08T08:20:00+00:00,short,44604.48,44189.462400000004,0.3357799640013301,,74.88645344349025,139.35459478791816,0.0009304392742612384,trailing_stop,149912.26148176842
BTCUSDT,2022-02-09,2022-02-09T08:02:00+00:00,2022-02-09T08:05:00+00:00,long,43918.52,43719.4074,0.3413417881152836,,74.95613074088422,-67.96545092028335,-0.0004533681918243156,trailing_stop,149844.29603084814
BTCUSDT,2022-02-10,2022-02-10T08:02:00+00:00,2022-02-10T10:52:00+00:00,long,44131.6,44538.892,0.3395396859185893,,74.92214801542407,138.2917977571545,0.0009229033164444555,trailing_stop,149982.5878286053
BTCUSDT,2022-02-11,2022-02-11T08:04:00+00:00,2022-02-11T08:34:00+00:00,long,43416.22,43338.838899999995,0.3454528925562964,,74.99129391430264,-26.731524824190092,-0.00017823085473587052,trailing_stop,149955.8563037811
BTCUSDT,2022-02-14,2022-02-14T08:06:00+00:00,2022-02-14T08:27:00+00:00,long,42368.21,42203.15895,0.35393484006943204,,74.97792815189055,-58.41731698504249,-0.00038956342503023344,trailing_stop,149897.43898679604
BTCUSDT,2022-02-15,2022-02-15T08:02:00+00:00,2022-02-15T08:44:00+00:00,long,43777.0,43980.104999999996,0.34241140093381467,,74.94871949339802,69.54546758666103,0.0004639536743038489,trailing_stop,149966.9844543827
BTCUSDT,2022-02-16,2022-02-16T08:00:00+00:00,2022-02-16T09:09:00+00:00,long,44191.04,44106.594800000006,0.3393606134962714,,74.98349222719135,-28.657374878813524,-0.0001910912257326251,trailing_stop,149938.32707950388
BTCUSDT,2022-02-17,2022-02-17T08:00:00+00:00,2022-02-17T08:26:00+00:00,long,43950.0,43802.61,0.3411566031388029,,74.96916353975195,-50.28307173662796,-0.00033535836177474266,trailing_stop,149888.04400776725
BTCUSDT,2022-02-18,2022-02-18T08:37:00+00:00,2022-02-18T10:05:00+00:00,long,40756.64,40756.0968,0.3677634957341117,,74.94402200388363,-0.19976913088279516,-1.3327889639579463e-06,trailing_stop,149887.84423863637
BTCUSDT,2022-02-21,2022-02-21T08:03:00+00:00,2022-02-21T08:35:00+00:00,long,39320.69,39165.54655,0.38119332147690277,,74.94392211931819,-59.13964701088702,-0.00039455932741771116,trailing_stop,149828.7045916255
BTCUSDT,2022-02-22,2022-02-22T08:12:00+00:00,2022-02-22T09:38:00+00:00,long,36945.58,37134.4421,0.4055389158638882,,74.91435229581275,76.59093128177662,0.0005111899718450719,trailing_stop,149905.29552290725
BTCUSDT,2022-02-23,2022-02-23T08:13:00+00:00,2022-02-23T08:48:00+00:00,long,38213.11,38597.92445,0.3922876089460064,,74.95264776145363,150.95794047837177,0.0010070220665106767,trailing_stop,150056.25346338563
BTCUSDT,2022-02-24,2022-02-24T08:06:00+00:00,2022-02-24T08:10:00+00:00,long,35515.83,35707.42085,0.4225052700820609,,75.02812673169281,80.94814382450183,0.0005394519852133555,trailing_stop,150137.20160721013
BTCUSDT,2022-02-25,2022-02-25T08:07:00+00:00,2022-02-25T08:18:00+00:00,short,38368.97,38323.95485,0.39129849356709373,,75.06860080360507,17.61436038269647,0.00011732175765989878,trailing_stop,150154.81596759282
BTCUSDT,2022-02-28,2022-02-28T08:07:00+00:00,2022-02-28T08:11:00+00:00,long,38478.28,38480.5686,0.3902326610430425,,75.0774079837964,0.8930864680630526,5.947771054215158e-06,trailing_stop,150155.7090540609
BTCUSDT,2022-03-01,2022-03-01T08:22:00+00:00,2022-03-01T08:24:00+00:00,long,43532.44,43417.06,0.3449283087602278,,75.07785452703045,-39.79782826475669,-0.00026504372371501496,trailing_stop,150115.91122579612
BTCUSDT,2022-03-02,2022-03-02T08:00:00+00:00,2022-03-02T08:06:00+00:00,long,43987.03,43828.63485,0.3412731235225387,,75.05795561289807,-54.0560075913199,-0.00036009512349434973,trailing_stop,150061.85521820482
BTCUSDT,2022-03-03,2022-03-03T08:14:00+00:00,2022-03-03T08:33:00+00:00,long,43594.95,43403.24525,0.3442184363514692,,75.0309276091024,-65.98830928614834,-0.00043974072685023645,trailing_stop,149995.86690891866
BTCUSDT,2022-03-04,2022-03-04T08:06:00+00:00,2022-03-04T08:18:00+00:00,long,41475.0,41566.745,0.36165368754410765,,74.99793345445933,33.1799175637351,0.00022120554550934926,trailing_stop,150029.0468264824
BTCUSDT,2022-03-07,2022-03-07T08:04:00+00:00,2022-03-07T08:09:00+00:00,short,37787.42,37970.4371,0.39703437500226907,,75.0145234132412,-72.6640799132296,-0.00048433341043131446,trailing_stop,149956.38274656917
BTCUSDT,2022-03-08,2022-03-08T08:17:00+00:00,2022-03-08T08:36:00+00:00,long,38758.88,38926.2056,0.3868955520556042,,74.97819137328459,64.73753038503666,0.00043170906899271536,trailing_stop,150021.1202769542
BTCUSDT,2022-03-09,2022-03-09T08:01:00+00:00,2022-03-09T08:04:00+00:00,long,41812.33,41776.95834999999,0.3587963652753965,,75.0105601384771,-12.691219453796432,-8.459621838823197e-05,trailing_stop,150008.4290575004
BTCUSDT,2022-03-10,2022-03-10T08:02:00+00:00,2022-03-10T08:21:00+00:00,short,39127.98,39050.6399,0.3833789248959451,,75.00421452875021,29.650564389345366,0.00019765932205036209,trailing_stop,150038.07962188974
BTCUSDT,2022-03-11,2022-03-11T08:27:00+00:00,2022-03-11T08:39:00+00:00,short,39026.13,39051.96065,0.38445543952702904,,75.01903981094488,-9.930733899020204,-6.618808987722717e-05,trailing_stop,150028.1488879907
BTCUSDT,2022-03-14,2022-03-14T08:05:00+00:00,2022-03-14T08:15:00+00:00,long,39184.66,39043.496699999996,0.3828746986396991,,75.01407444399536,-54.04785594648828,-0.00036025143512794915,trailing_stop,149974.10103204421
BTCUSDT,2022-03-15,2022-03-15T09:07:00+00:00,2022-03-15T09:16:00+00:00,short,38321.7,38491.618500000004,0.39135555320365284,,74.98705051602211,-66.49854856703764,-0.0004434002144998971,trailing_stop,149907.60248347718
BTCUSDT,2022-03-16,2022-03-16T08:02:00+00:00,2022-03-16T08:11:00+00:00,long,39676.65,39701.61675,0.37782323478286894,,74.95380124173859,9.43301824701504,6.292554941004242e-05,trailing_stop,149917.0355017242
BTCUSDT,2022-03-17,2022-03-17T08:25:00+00:00,2022-03-17T10:00:00+00:00,long,40878.18,40695.5291,0.3667409740397547,,74.9585177508621,-66.98556897523804,-0.00044681759315116416,trailing_stop,149850.04993274895
BTCUSDT,2022-03-18,2022-03-18T08:00:00+00:00,2022-03-18T08:20:00+00:00,short,40552.74,40702.7637,0.36951892753177457,,74.92502496637448,-55.43659672835061,-0.00036994713550799575,trailing_stop,149794.61333602061
BTCUSDT,2022-03-21,2022-03-21T08:01:00+00:00,2022-03-21T08:58:00+00:00,long,41136.17,41150.49915,0.3641433155688063,,74.89730666801032,5.217864190284592,3.483345678512373e-05,trailing_stop,149799.8312002109
BTCUSDT,2022-03-22,2022-03-22T08:01:00+00:00,2022-03-22T08:07:00+00:00,short,42176.29,42296.62145,0.35517545805999273,,74.89991560010546,-42.73877787277235,-0.00028530591476869555,trailing_stop,149757.09242233812
BTCUSDT,2022-03-23,2022-03-23T08:03:00+00:00,2022-03-23T08:23:00+00:00,short,42033.1,42191.035500000005,0.3562837202641207,,74.87854621116907,-56.26984750177648,-0.00037574078523831665,trailing_stop,149700.82257483635
BTCUSDT,2022-03-24,2022-03-24T08:38:00+00:00,2022-03-24T09:35:00+00:00,long,43157.52,42962.0824,0.34687077147814876,,74.85041128741817,-67.79159108783698,-0.00045284715155087106,trailing_stop,149633.0309837485
BTCUSDT,2022-03-25,2022-03-25T08:00:00+00:00,2022-03-25T08:14:00+00:00,short,43901.1,43798.5055,0.3408411884525639,,74.81651549187426,34.96843130869631,0.00023369459990751773,trailing_stop,149667.9994150572
BTCUSDT,2022-03-28,2022-03-28T07:07:00+00:00,2022-03-28T07:20:00+00:00,long,46980.01,46965.09995,0.3185780492917246,,74.83399970752859,-4.75001464384163,-3.1737008995950806e-05,trailing_stop,149663.24940041333
BTCUSDT,2022-03-29,2022-03-29T07:05:00+00:00,2022-03-29T08:48:00+00:00,short,47520.0,47572.29,0.31494791540491024,,74.83162470020667,-16.468626496523033,-0.00011003787878788064,trailing_stop,149646.7807739168
BTCUSDT,2022-03-30,2022-03-30T07:01:00+00:00,2022-03-30T08:36:00+00:00,short,47349.92,47427.6096,0.31604442156167706,,74.82339038695841,-24.553364693359697,-0.00016407546200712732,trailing_stop,149622.22740922344
BTCUSDT,2022-03-31,2022-03-31T07:30:00+00:00,2022-03-31T08:46:00+00:00,short,47077.85,47235.38925,0.31781873515724157,,74.81111370461173,-50.068925172620986,-0.000334635608890384,trailing_stop,149572.15848405083
BTCUSDT,2022-04-01,2022-04-01T07:04:00+00:00,2022-04-01T08:53:00+00:00,long,44848.44,45099.6678,0.33350582201755696,,74.78607924202542,83.78593395266259,0.0005601706547652506,trailing_stop,149655.9444180035
BTCUSDT,2022-04-04,2022-04-04T07:05:00+00:00,2022-04-04T10:48:00+00:00,short,46162.63,46017.81315,0.32419284693702133,,74.82797220900174,46.94858688595016,0.00031371013739900784,trailing_stop,149702.89300488945
BTCUSDT,2022-04-05,2022-04-05T07:31:00+00:00,2022-04-05T12:40:00+00:00,long,46676.46,46966.6177,0.32072460723218826,,74.85144650244473,93.0607143678962,0.0006216360452356571,trailing_stop,149795.95371925735
BTCUSDT,2022-04-06,2022-04-06T07:00:00+00:00,2022-04-06T07:58:00+00:00,long,45482.5,45279.7275,0.3293485488248389,,74.89797685962867,-66.78282861658435,-0.00044582531742977876,trailing_stop,149729.17089064076
BTCUSDT,2022-04-07,2022-04-07T07:23:00+00:00,2022-04-07T09:27:00+00:00,long,43497.63,43335.65185,0.3442237448123973,,74.86458544532039,-55.75672537078262,-0.00037238385171788757,trailing_stop,149673.41416526996
BTCUSDT,2022-04-08,2022-04-08T07:23:00+00:00,2022-04-08T07:37:00+00:00,long,43638.59,43421.79705,0.3429840747954276,,74.83670708263499,-74.35652937791984,-0.0004967918303501454,trailing_stop,149599.05763589204
BTCUSDT,2022-04-11,2022-04-11T07:28:00+00:00,2022-04-11T08:35:00+00:00,long,42340.09,42138.589550000004,0.35332720746671076,,74.79952881794603,-71.19559130178284,-0.0004759093568294075,trailing_stop,149527.86204459026
BTCUSDT,2022-04-12,2022-04-12T07:25:00+00:00,2022-04-12T08:23:00+00:00,long,40120.0,40144.0,0.3727015504600954,,74.76393102229514,8.94483721104229,5.982053838484547e-05,trailing_stop,149536.8068818013
BTCUSDT,2022-04-13,2022-04-13T07:17:00+00:00,2022-04-13T08:15:00+00:00,long,40143.75,40025.35125,0.37250333335027574,,74.76840344090066,-44.10392903950607,-0.0002949369453526397,trailing_stop,149492.7029527618
BTCUSDT,2022-04-14,2022-04-14T07:09:00+00:00,2022-04-14T09:40:00+00:00,short,41161.12,41179.3156,0.36318910406898985,,74.74635147638091,-6.608443661997386,-4.420579420579202e-05,trailing_stop,149486.0945090998
BTCUSDT,2022-04-15,2022-04-15T07:23:00+00:00,2022-04-15T07:44:00+00:00,short,39967.72,40153.0386,0.3740170680466632,,74.74304725454991,-69.31231942651186,-0.00046367068224056483,trailing_stop,149416.7821896733
BTCUSDT,2022-04-18,2022-04-18T07:23:00+00:00,2022-04-18T08:01:00+00:00,short,38911.5,38986.287500000006,0.38399131924925356,,74.70839109483666,-28.717750788355787,-0.00019219896431647666,trailing_stop,149388.06443888496
BTCUSDT,2022-04-19,2022-04-19T07:13:00+00:00,2022-04-19T08:11:00+00:00,short,40702.61,40774.51305,0.3670233049892499,,74.69403221944248,-26.39009504980758,-0.00017665464204875508,trailing_stop,149361.67434383516
BTCUSDT,2022-04-20,2022-04-20T07:00:00+00:00,2022-04-20T07:16:00+00:00,long,41472.34,41424.1083,0.36014768962598964,,74.68083717191757,-17.370535321732632,-0.00011629847749125474,trailing_stop,149344.30380851342
BTCUSDT,2022-04-21,2022-04-21T07:21:00+00:00,2022-04-21T08:06:00+00:00,long,41600.0,41779.01,0.3590007303089265,,74.67215190425671,64.26472073260166,0.0004303125000000049,trailing_stop,149408.56852924603
BTCUSDT,2022-04-22,2022-04-22T07:20:00+00:00,2022-04-22T07:40:00+00:00,short,40625.94,40496.1297,0.3677664283687861,,74.70428426462301,47.73987039648234,0.0003195256528218292,trailing_stop,149456.3083996425
BTCUSDT,2022-04-25,2022-04-25T07:01:00+00:00,2022-04-25T07:04:00+00:00,short,38590.0,38392.95,0.3872928437409756,,74.72815419982125,76.31605485916037,0.0005106245141228373,trailing_stop,149532.62445450167
BTCUSDT,2022-04-26,2022-04-26T07:06:00+00:00,2022-04-26T07:12:00+00:00,short,40435.72,40577.1886,0.3698032938562777,,74.76631222725084,-52.315554257236265,-0.0003498604699013648,trailing_stop,149480.30890024442
BTCUSDT,2022-04-27,2022-04-27T07:01:00+00:00,2022-04-27T08:29:00+00:00,long,38703.98,39028.1301,0.3862143089683397,,74.7401544501222,125.19140687351779,0.0008375110259978403,trailing_stop,149605.50030711794
BTCUSDT,2022-04-28,2022-04-28T07:12:00+00:00,2022-04-28T07:50:00+00:00,long,39436.93,39462.81535,0.3793538196485323,,74.80275015355897,9.819706395437935,6.56373353605284e-05,trailing_stop,149615.32001351338
BTCUSDT,2022-04-29,2022-04-29T07:34:00+00:00,2022-04-29T08:34:00+00:00,long,39574.05,39436.24975,0.3780642113039059,,74.80766000675669,-52.09734283373115,-0.00034820861145119146,trailing_stop,149563.22267067965
BTCUSDT,2022-05-02,2022-05-02T07:00:00+00:00,2022-05-02T09:25:00+00:00,short,38923.56,38976.9078,0.3842485699424196,,74.78161133533983,-20.49881585957544,-0.00013705786418303774,trailing_stop,149542.72385482007
BTCUSDT,2022-05-03,2022-05-03T07:01:00+00:00,2022-05-03T08:02:00+00:00,short,38443.66,38612.7483,0.3889919010178013,,74.77136192741004,-65.77397925686665,-0.0004398340324516339,trailing_stop,149476.9498755632
BTCUSDT,2022-05-04,2022-05-04T07:00:00+00:00,2022-05-04T08:39:00+00:00,long,38436.74,38907.8163,0.38889081091571037,,74.7384749377816,183.1972443101727,0.0012255885904996122,trailing_stop,149660.14711987338
BTCUSDT,2022-05-05,2022-05-05T07:01:00+00:00,2022-05-05T10:40:00+00:00,short,39534.02,39604.8401,0.37856040726410667,,74.8300735599367,-26.80968589848645,-0.00017913710773658856,trailing_stop,149633.3374339749
BTCUSDT,2022-05-06,2022-05-06T07:00:00+00:00,2022-05-06T07:49:00+00:00,short,36393.12,36014.975600000005,0.4111583107850464,,74.81666871698745,155.47721273682382,0.001039054634502338,trailing_stop,149788.81464671172
BTCUSDT,2022-05-09,2022-05-09T07:00:00+00:00,2022-05-09T07:20:00+00:00,long,33593.27,33581.483649999995,0.44588935416740244,,74.89440732335586,-5.255407989491914,-3.5085450151182463e-05,trailing_stop,149783.55923872223
BTCUSDT,2022-05-10,2022-05-10T07:11:00+00:00,2022-05-10T07:15:00+00:00,short,31936.92,31978.3146,0.46899813519501016,,74.89177961936112,-19.4139902071449,-0.00012961362585998671,trailing_stop,149764.1452485151
BTCUSDT,2022-05-11,2022-05-11T07:07:00+00:00,2022-05-11T07:10:00+00:00,short,30351.09,30418.315450000002,0.493439099711131,,74.88207262425755,-33.1716655256765,-0.0002214927042159004,trailing_stop,149730.97358298942
BTCUSDT,2022-05-12,2022-05-12T07:16:00+00:00,2022-05-12T07:18:00+00:00,short,27000.03,26905.00015,0.5545585452423181,,74.86548679149472,52.69961537059514,0.0003519620163384967,trailing_stop,149783.67319836002
BTCUSDT,2022-05-13,2022-05-13T07:02:00+00:00,2022-05-13T07:10:00+00:00,short,30327.56,30370.8378,0.49388633044781716,,74.89183659918001,-21.374313831854465,-0.00014270122621140588,trailing_stop,149762.29888452817
BTCUSDT,2022-05-16,2022-05-16T07:07:00+00:00,2022-05-16T07:09:00+00:00,short,29376.2,29515.041,0.5098082763751887,,74.88114944226409,-70.78229090020774,-0.00047263090529067866,trailing_stop,149691.51659362795
BTCUSDT,2022-05-17,2022-05-17T07:00:00+00:00,2022-05-17T07:10:00+00:00,long,30544.8,30425.416,0.4900720142008721,,74.84575829681398,-58.50675734335603,-0.000390848851523003,trailing_stop,149633.0098362846
BTCUSDT,2022-05-18,2022-05-18T07:02:00+00:00,2022-05-18T07:06:00+00:00,short,29739.02,29831.665100000002,0.5031538020966548,,74.8165049181423,-46.61473431062558,-0.0003115270778929553,trailing_stop,149586.39510197396
BTCUSDT,2022-05-19,2022-05-19T07:35:00+00:00,2022-05-19T08:14:00+00:00,short,29140.02,29227.800099999997,0.5133366246899418,,74.79319755098699,-45.06074024894367,-0.0003012355516571242,trailing_stop,149541.33436172502
BTCUSDT,2022-05-20,2022-05-20T07:14:00+00:00,2022-05-20T08:03:00+00:00,long,30160.64,30211.3568,0.4958161841450481,,74.77066718086252,25.14621024804855,0.00016815558290540907,trailing_stop,149566.48057197308
BTCUSDT,2022-05-23,2022-05-23T07:27:00+00:00,2022-05-23T07:43:00+00:00,long,30655.0,30517.234999999997,0.4879023995171198,,74.78324028598654,-67.2158740694775,-0.00044940466481814724,trailing_stop,149499.2646979036
BTCUSDT,2022-05-24,2022-05-24T07:13:00+00:00,2022-05-24T08:37:00+00:00,long,29395.07,29285.54465,0.5085861836624427,,74.74963234895179,-55.70307977079326,-0.0003725976838973334,trailing_stop,149443.5616181328
BTCUSDT,2022-05-25,2022-05-25T07:10:00+00:00,2022-05-25T07:57:00+00:00,long,29835.42,29701.8429,0.5008931049676284,,74.7217808090664,-66.9078483715707,-0.0004477131543648408,trailing_stop,149376.65376976124
BTCUSDT,2022-05-26,2022-05-26T07:34:00+00:00,2022-05-26T08:15:00+00:00,long,29689.58,29598.4921,0.5031282145781828,,74.68832688488062,-45.8288924966772,-0.00030680090455978924,trailing_stop,149330.82487726456
BTCUSDT,2022-05-27,2022-05-27T07:17:00+00:00,2022-05-27T07:40:00+00:00,long,29039.0,29068.805,0.5142423116404304,,74.66541243863229,15.32699209844318,0.00010263783188126416,trailing_stop,149346.151869363
BTCUSDT,2022-05-30,2022-05-30T07:35:00+00:00,2022-05-30T08:20:00+00:00,short,30555.04,30694.9152,0.4887774713087039,,74.6730759346815,-68.36784655479853,-0.0004577811058339265,trailing_stop,149277.78402280822
BTCUSDT,2022-05-31,2022-05-31T07:28:00+00:00,2022-05-31T09:10:00+00:00,long,31584.43,31568.25785,0.4726309261329339,,74.63889201140411,-7.643458232060023,-5.120291865326843e-05,trailing_stop,149270.14056457617
BTCUSDT,2022-06-01,2022-06-01T07:01:00+00:00,2022-06-01T08:32:00+00:00,short,31568.69,31607.84345,0.4728423655355233,,74.63507028228808,-18.513409916877595,-0.00012402621078037008,trailing_stop,149251.6271546593
BTCUSDT,2022-06-02,2022-06-02T07:03:00+00:00,2022-06-02T07:33:00+00:00,long,29951.73,29973.59135,0.4983072001338798,,74.62581357732965,10.893668109646404,7.29886053326443e-05,trailing_stop,149262.52082276894
BTCUSDT,2022-06-03,2022-06-03T07:00:00+00:00,2022-06-03T07:15:00+00:00,short,30363.07,30434.10535,0.4915923219317709,,74.63126041138447,-34.920432645736966,-0.00023395312134116188,trailing_stop,149227.6003901232
BTCUSDT,2022-06-06,2022-06-06T07:34:00+00:00,2022-06-06T08:02:00+00:00,short,31234.93,31352.914650000002,0.47775871561141064,,74.6138001950616,-56.368194845862845,-0.00037773303798024243,trailing_stop,149171.23219527735
BTCUSDT,2022-06-07,2022-06-07T07:14:00+00:00,2022-06-07T09:14:00+00:00,long,29548.5,29585.8875,0.504835210570003,,74.58561609763868,18.874526435186354,0.00012652926544494888,trailing_stop,149190.10672171254
BTCUSDT,2022-06-08,2022-06-08T07:08:00+00:00,2022-06-08T07:42:00+00:00,short,30352.58,30466.212900000002,0.4915236422133227,,74.59505336085627,-55.85325688326253,-0.0003743764121534332,trailing_stop,149134.25346482926
BTCUSDT,2022-06-09,2022-06-09T07:03:00+00:00,2022-06-09T08:08:00+00:00,long,30350.0,30417.25,0.4913813952712661,,74.56712673241464,33.04539883199265,0.00022158154859967054,trailing_stop,149167.29886366124
BTCUSDT,2022-06-10,2022-06-10T07:24:00+00:00,2022-06-10T09:23:00+00:00,short,30073.04,30051.3652,0.49601669423397576,,74.58364943183062,10.751062644182918,7.207385751490598e-05,trailing_stop,149178.04992630542
BTCUSDT,2022-06-13,2022-06-13T07:30:00+00:00,2022-06-13T07:42:00+00:00,short,25159.68,24877.8884,0.5929250687063803,,74.58902496315271,167.08130379088112,0.001120012655168907,trailing_stop,149345.1312300963
BTCUSDT,2022-06-14,2022-06-14T07:10:00+00:00,2022-06-14T07:17:00+00:00,short,22323.78,22282.6189,0.6689957132264174,,74.67256561504816,27.536599451682235,0.00018438230443051102,trailing_stop,149372.66782954798
BTCUSDT,2022-06-15,2022-06-15T07:06:00+00:00,2022-06-15T07:08:00+00:00,long,21412.29,21338.648549999998,0.69760248824179,,74.686333914774,-51.37245875773533,-0.0003439214114884621,trailing_stop,149321.29537079023
BTCUSDT,2022-06-16,2022-06-16T07:34:00+00:00,2022-06-16T07:56:00+00:00,short,21712.0,21755.2,0.6877362535500655,,74.66064768539512,-29.71020615336333,-0.00019896831245394585,trailing_stop,149291.58516463687
BTCUSDT,2022-06-17,2022-06-17T07:01:00+00:00,2022-06-17T07:03:00+00:00,long,20994.28,20890.0286,0.7111060020378734,,74.64579258231844,-74.1337962608493,-0.0004965704944394253,trailing_stop,149217.45136837603
BTCUSDT,2022-06-20,2022-06-20T07:23:00+00:00,2022-06-20T07:51:00+00:00,short,19925.0,19975.635,0.7488956153996288,,74.60872568418802,-37.920329485759005,-0.00025412797992470967,trailing_stop,149179.53103889027
BTCUSDT,2022-06-21,2022-06-21T07:00:00+00:00,2022-06-21T07:02:00+00:00,long,21202.0,21141.67,0.7036106548386486,,74.58976551944514,-42.4488308064169,-0.0002845486274879811,trailing_stop,149137.08220808386
BTCUSDT,2022-06-22,2022-06-22T08:11:00+00:00,2022-06-22T08:39:00+00:00,long,20249.71,20148.75145,0.7364899655752298,,74.56854110404193,-74.35495901402466,-0.0004985678807252024,trailing_stop,149062.72724906984
BTCUSDT,2022-06-23,2022-06-23T07:33:00+00:00,2022-06-23T08:03:00+00:00,short,20472.92,20527.3446,0.7280970533224858,,74.53136362453492,-39.62639088825649,-0.00026583701787533044,trailing_stop,149023.10085818157
BTCUSDT,2022-06-24,2022-06-24T07:14:00+00:00,2022-06-24T07:28:00+00:00,short,20780.59,20840.62295,0.7171264187310445,,74.51155042909079,-43.05121443936037,-0.00028888953586014984,trailing_stop,148980.0496437422
BTCUSDT,2022-06-27,2022-06-27T07:00:00+00:00,2022-06-27T08:45:00+00:00,long,21278.5,21402.6075,0.7001435704760308,,74.4900248218711,86.89306817285278,0.0005832530488521196,trailing_stop,149066.94271191506
BTCUSDT,2022-06-28,2022-06-28T07:02:00+00:00,2022-06-28T09:40:00+00:00,long,20900.0,21107.6,0.7132389603440912,,74.53347135595753,148.0684081674323,0.0009933014354066916,trailing_stop,149215.0111200825
BTCUSDT,2022-06-29,2022-06-29T08:04:00+00:00,2022-06-29T08:36:00+00:00,long,20133.1,20048.3345,0.7411427505952014,,74.60750556004125,-62.82333582557584,-0.0004210255747996965,trailing_stop,149152.1877842569
BTCUSDT,2022-06-30,2022-06-30T07:14:00+00:00,2022-06-30T07:21:00+00:00,short,19355.0,19406.775,0.7706132151085348,,74.57609389212845,-39.89849921224551,-0.0002675019374838618,trailing_stop,149112.28928504465
BTCUSDT,2022-07-01,2022-07-01T07:01:00+00:00,2022-07-01T07:17:00+00:00,short,19361.55,19433.80775,0.7701464463591223,,74.55614464252233,-55.64904938440639,-0.0003732023004356607,trailing_stop,149056.64023566025
BTCUSDT,2022-07-04,2022-07-04T08:12:00+00:00,2022-07-04T11:19:00+00:00,long,19140.54,19497.5373,0.7787483542034876,,74.52832011783012,278.011059830088,0.0018651370337513938,trailing_stop,149334.65129549033
BTCUSDT,2022-07-05,2022-07-05T07:08:00+00:00,2022-07-05T08:55:00+00:00,short,20293.34,19904.3367,0.7358801030066531,,74.66732564774517,286.2597884739282,0.001916901308508113,trailing_stop,149620.91108396425
BTCUSDT,2022-07-06,2022-07-06T07:00:00+00:00,2022-07-06T07:36:00+00:00,long,20100.0,20143.33,0.7443826422087774,,74.81045554198212,32.254099886907625,0.00021557213930349127,trailing_stop,149653.16518385115
BTCUSDT,2022-07-07,2022-07-07T07:05:00+00:00,2022-07-07T09:05:00+00:00,long,20369.29,20476.933549999998,0.7346999585348882,,74.82658259192557,79.085711721546,0.0005284600003240027,trailing_stop,149732.25089557268
BTCUSDT,2022-07-08,2022-07-08T07:10:00+00:00,2022-07-08T07:22:00+00:00,short,21760.99,21819.364950000003,0.688076465710304,,74.86612544778635,-40.16642928201658,-0.00026825502883830773,trailing_stop,149692.08446629066
BTCUSDT,2022-07-11,2022-07-11T07:17:00+00:00,2022-07-11T09:47:00+00:00,long,20463.9,20524.460499999997,0.7314934321722186,,74.84604223314533,44.29960799906269,0.00029593821314605694,trailing_stop,149736.38407428973
BTCUSDT,2022-07-12,2022-07-12T07:04:00+00:00,2022-07-12T07:21:00+00:00,short,19802.15,19719.01075,0.7561622554838222,,74.86819203714487,62.8667627992335,0.0004198496122895754,trailing_stop,149799.25083708897
BTCUSDT,2022-07-13,2022-07-13T07:00:00+00:00,2022-07-13T07:42:00+00:00,long,19557.37,19752.31,0.7659478285530671,,74.89962541854449,149.31386969813667,0.000996759789276382,trailing_stop,149948.56470678712
BTCUSDT,2022-07-14,2022-07-14T08:03:00+00:00,2022-07-14T08:06:00+00:00,long,20044.23,19956.808849999998,0.7480884259798811,,74.97428235339356,-65.39875050085254,-0.000436141223683833,trailing_stop,149883.16595628628
BTCUSDT,2022-07-15,2022-07-15T07:00:00+00:00,2022-07-15T07:08:00+00:00,short,20594.22,20665.501099999998,0.7277923900797714,,74.94158297814315,-51.877842136512655,-0.00034612187303037706,trailing_stop,149831.28811414976
BTCUSDT,2022-07-18,2022-07-18T07:10:00+00:00,2022-07-18T07:13:00+00:00,long,22358.23,22288.20885,0.6701393093914401,,74.91564405707489,-46.92392510379476,-0.0003131784134969561,trailing_stop,149784.36418904597
BTCUSDT,2022-07-19,2022-07-19T08:32:00+00:00,2022-07-19T09:15:00+00:00,long,21879.99,21836.24005,0.684572361271856,,74.89218209452298,-29.9500065770265,-0.00019995415902841483,trailing_stop,149754.41418246893
BTCUSDT,2022-07-20,2022-07-20T07:09:00+00:00,2022-07-20T07:11:00+00:00,long,23822.31,23745.03845,0.6286309521724338,,74.87720709123447,-48.575288052340646,-0.00032436631879948375,trailing_stop,149705.83889441658
BTCUSDT,2022-07-21,2022-07-21T07:18:00+00:00,2022-07-21T07:24:00+00:00,long,22944.37,22984.788149999997,0.6524730855299866,,74.8529194472083,26.371755041912326,0.00017615715750747438,trailing_stop,149732.2106494585
BTCUSDT,2022-07-22,2022-07-22T07:26:00+00:00,2022-07-22T07:36:00+00:00,long,23227.44,23203.8628,0.644635012078208,,74.86610532472925,-15.198688606770144,-0.00010150580520281065,trailing_stop,149717.01196085173
BTCUSDT,2022-07-25,2022-07-25T07:12:00+00:00,2022-07-25T08:21:00+00:00,long,21948.0,21892.879999999997,0.6821442134174035,,74.85850598042586,-37.59978904356907,-0.0002511390559504402,trailing_stop,149679.41217180816
BTCUSDT,2022-07-26,2022-07-26T07:07:00+00:00,2022-07-26T07:19:00+00:00,short,21063.24,21122.5262,0.710619126838075,,74.83970608590408,-42.12990767754652,-0.000281467618467048,trailing_stop,149637.28226413063
BTCUSDT,2022-07-27,2022-07-27T07:01:00+00:00,2022-07-27T07:34:00+00:00,long,21267.95,21344.990250000003,0.7035811268323021,,74.81864113206531,54.20406590644355,0.000362236369748856,trailing_stop,149691.48633003706
BTCUSDT,2022-07-28,2022-07-28T07:03:00+00:00,2022-07-28T08:39:00+00:00,short,23047.79,22986.29895,0.6494830364648283,,74.84574316501853,39.93739386941093,0.0002667980313947695,trailing_stop,149731.42372390648
BTCUSDT,2022-07-29,2022-07-29T07:02:00+00:00,2022-07-29T07:37:00+00:00,short,23900.0,23939.77,0.6264913126523284,,74.86571186195324,-24.915559504183374,-0.0001664016736401692,trailing_stop,149706.5081644023
BTCUSDT,2022-08-01,2022-08-01T07:16:00+00:00,2022-08-01T07:42:00+00:00,short,23150.0,23227.75,0.6466803808397508,,74.85325408220115,-50.279399610290625,-0.0003358531317494601,trailing_stop,149656.228764792
BTCUSDT,2022-08-02,2022-08-02T07:01:00+00:00,2022-08-02T07:42:00+00:00,short,22856.0,22829.89,0.6547787397829542,,74.82811438239601,17.096272895733314,0.00011423696184809495,trailing_stop,149673.32503768773
BTCUSDT,2022-08-03,2022-08-03T07:49:00+00:00,2022-08-03T08:03:00+00:00,short,22976.15,23068.88075,0.6514290907645003,,74.83666251884387,-60.40750815840941,-0.000403595685090839,trailing_stop,149612.9175295293
BTCUSDT,2022-08-04,2022-08-04T07:23:00+00:00,2022-08-04T08:01:00+00:00,long,23011.17,22915.864149999998,0.6501751867876745,,74.80645876476466,-61.96549882570851,-0.00041417211728043664,trailing_stop,149550.9520307036
BTCUSDT,2022-08-05,2022-08-05T07:06:00+00:00,2022-08-05T10:43:00+00:00,short,23232.35,23211.331749999998,0.6437185735868459,,74.7754760153518,13.529837909292361,9.046975445876542e-05,trailing_stop,149564.4818686129
BTCUSDT,2022-08-08,2022-08-08T07:05:00+00:00,2022-08-08T09:58:00+00:00,long,23792.86,24070.4657,0.6286107759580517,,74.78224093430646,174.50593448737817,0.0011667605323613895,trailing_stop,149738.9878031003
BTCUSDT,2022-08-09,2022-08-09T07:06:00+00:00,2022-08-09T08:55:00+00:00,long,23858.93,23787.48535,0.6276014381328093,,74.86949390155014,-44.83876508689602,-0.00029944616124864473,trailing_stop,149694.1490380134
BTCUSDT,2022-08-10,2022-08-10T07:02:00+00:00,2022-08-10T10:32:00+00:00,long,22954.92,23024.2254,0.6521222859326602,,74.8470745190067,45.195595875478105,0.00030191958848038285,trailing_stop,149739.34463388886
BTCUSDT,2022-08-11,2022-08-11T07:23:00+00:00,2022-08-11T07:34:00+00:00,long,24621.41,24621.89295,0.6081672196429403,,74.86967231694443,0.2937143587274324,1.9615042355471833e-06,trailing_stop,149739.6383482476
BTCUSDT,2022-08-12,2022-08-12T07:09:00+00:00,2022-08-12T09:57:00+00:00,long,23971.03,24023.14485,0.624669187549503,,74.8698191741238,32.554541008765305,0.00021740763746906893,trailing_stop,149772.19288925637
BTCUSDT,2022-08-15,2022-08-15T07:01:00+00:00,2022-08-15T07:03:00+00:00,short,24081.79,24195.75895,0.6219313136160409,,74.8860964446282,-70.88085878494,-0.0004732578018494414,trailing_stop,149701.31203047142
BTCUSDT,2022-08-16,2022-08-16T07:40:00+00:00,2022-08-16T10:48:00+00:00,long,24042.62,24005.0769,0.6226497446221395,,74.85065601523571,-23.376201627322796,-0.0001561522829042715,trailing_stop,149677.9358288441
BTCUSDT,2022-08-17,2022-08-17T07:10:00+00:00,2022-08-17T08:16:00+00:00,short,24325.19,23856.62595,0.6153207264931708,,74.83896791442206,288.3171716545807,0.001926250319113632,trailing_stop,149966.2530004987
BTCUSDT,2022-08-18,2022-08-18T07:03:00+00:00,2022-08-18T08:03:00+00:00,short,23345.02,23441.735099999998,0.6423907668551951,,74.98312650024934,-62.128887255475355,-0.0004142857877183126,trailing_stop,149904.12411324322
BTCUSDT,2022-08-19,2022-08-19T08:04:00+00:00,2022-08-19T08:06:00+00:00,short,21852.89,21814.26445,0.6859693345513717,,74.95206205662161,26.495942830181185,0.00017675259427929517,trailing_stop,149930.6200560734
BTCUSDT,2022-08-22,2022-08-22T07:26:00+00:00,2022-08-22T08:36:00+00:00,short,21287.79,20996.61895,0.7043033591372022,,74.96531002803671,205.07274859850685,0.0013677843026448533,trailing_stop,150135.6928046719
BTCUSDT,2022-08-23,2022-08-23T07:00:00+00:00,2022-08-23T07:34:00+00:00,long,21091.37,21131.693150000003,0.7118347115653081,,75.06784640233596,28.703417849657363,0.00019118317112640768,trailing_stop,150164.39622252158
BTCUSDT,2022-08-24,2022-08-24T07:30:00+00:00,2022-08-24T08:08:00+00:00,short,21331.22,21349.9461,0.703965343859946,,75.0821981112608,-13.182525425655637,-8.778729017843265e-05,trailing_stop,150151.21369709593
BTCUSDT,2022-08-25,2022-08-25T07:08:00+00:00,2022-08-25T08:18:00+00:00,long,21748.69,21711.13655,0.6903919900329442,,75.07560684854796,-25.926601078102273,-0.00017266994012052876,trailing_stop,150125.28709601783
BTCUSDT,2022-08-26,2022-08-26T07:04:00+00:00,2022-08-26T07:51:00+00:00,short,21382.73,21433.57365,0.7020866236257851,,75.06264354800892,-35.69664656131037,-0.000237779039439767,trailing_stop,150089.5904494565
BTCUSDT,2022-08-29,2022-08-29T07:04:00+00:00,2022-08-29T07:19:00+00:00,long,19894.92,19811.555399999997,0.754411630956327,,75.04479522472825,-62.89122385002241,-0.00041902455501203713,trailing_stop,150026.69922560648
BTCUSDT,2022-08-30,2022-08-30T07:11:00+00:00,2022-08-30T07:36:00+00:00,long,20427.92,20474.1104,0.7344198490380152,,75.01334961280324,33.92314659500784,0.00022611406349742484,trailing_stop,150060.6223722015
BTCUSDT,2022-08-31,2022-08-31T07:08:00+00:00,2022-08-31T07:16:00+00:00,short,20205.97,20289.02985,0.742654880573422,,75.03031118610075,-61.684802982194725,-0.00041106588795290604,trailing_stop,149998.9375692193
BTCUSDT,2022-09-01,2022-09-01T07:01:00+00:00,2022-09-01T07:45:00+00:00,short,19948.58,19901.122900000002,0.7519278944627602,,74.99946878460965,35.68431728030838,0.00023789713353030453,trailing_stop,150034.6218864996
BTCUSDT,2022-09-02,2022-09-02T07:10:00+00:00,2022-09-02T08:03:00+00:00,short,20061.22,20137.4461,0.7478838370074183,,75.01731094324981,-57.008268148111064,-0.0003799674197282112,trailing_stop,149977.6136183515
BTCUSDT,2022-09-05,2022-09-05T07:27:00+00:00,2022-09-05T09:50:00+00:00,short,19725.06,19805.0353,0.7603404685123972,,74.98880680917574,-60.80845707141818,-0.0004054502242325155,trailing_stop,149916.80516128006
BTCUSDT,2022-09-06,2022-09-06T07:08:00+00:00,2022-09-06T09:20:00+00:00,long,19894.58,19931.3471,0.7535560195856361,,74.95840258064003,27.706069527705008,0.00018480963156798132,trailing_stop,149944.51123080778
BTCUSDT,2022-09-07,2022-09-07T07:20:00+00:00,2022-09-07T07:48:00+00:00,short,18759.0,18816.774999999998,0.7993203861123076,,74.9722556154039,-46.18073530763683,-0.000307985500293181,trailing_stop,149898.33049550015
BTCUSDT,2022-09-08,2022-09-08T07:02:00+00:00,2022-09-08T07:32:00+00:00,short,19224.0,19152.12,0.779745789094362,,74.94916524775007,56.04812732010353,0.0003739076154806545,trailing_stop,149954.37862282025
BTCUSDT,2022-09-09,2022-09-09T07:34:00+00:00,2022-09-09T08:16:00+00:00,short,20611.97,20689.71985,0.7275111433929907,,74.97718931141013,-56.56388227213363,-0.0003772072732494766,trailing_stop,149897.8147405481
BTCUSDT,2022-09-12,2022-09-12T07:02:00+00:00,2022-09-12T07:19:00+00:00,long,21847.82,21860.7609,0.6860996417058915,,74.94890737027406,8.878746853352746,5.92319966019558e-05,trailing_stop,149906.69348740147
BTCUSDT,2022-09-13,2022-09-13T07:55:00+00:00,2022-09-13T09:17:00+00:00,short,22266.0,22293.420000000002,0.6732538106862547,,74.95334674370073,-18.460619489018377,-0.00012314739962275168,trailing_stop,149888.23286791245
BTCUSDT,2022-09-14,2022-09-14T07:45:00+00:00,2022-09-14T07:55:00+00:00,short,20227.75,20232.118749999998,0.7410029927595133,,74.94411643395622,-3.2372568246165065,-2.1597804995601675e-05,trailing_stop,149884.99561108783
BTCUSDT,2022-09-15,2022-09-15T07:20:00+00:00,2022-09-15T07:24:00+00:00,long,20313.59,20228.67205,0.7378557685327302,,74.94249780554391,-62.657199259473295,-0.0004180351675897717,trailing_stop,149822.33841182836
BTCUSDT,2022-09-16,2022-09-16T07:21:00+00:00,2022-09-16T08:44:00+00:00,short,19748.0,19708.870000000003,0.7586709459784704,,74.91116920591418,29.68679411613556,0.00019814664776178536,trailing_stop,149852.0252059445
BTCUSDT,2022-09-19,2022-09-19T08:17:00+00:00,2022-09-19T08:49:00+00:00,long,18497.4,18431.573,0.8101248024367992,,74.92601260297225,-53.3280853700081,-0.00035587163601371615,trailing_stop,149798.69712057448
BTCUSDT,2022-09-20,2022-09-20T07:01:00+00:00,2022-09-20T07:27:00+00:00,long,19403.98,19491.9801,0.7719998532289482,,74.89934856028724,67.93606428413362,0.0004535157220322898,trailing_stop,149866.6331848586
BTCUSDT,2022-09-21,2022-09-21T07:26:00+00:00,2022-09-21T08:15:00+00:00,long,18921.77,18878.831149999998,0.7920328446274244,,74.9333165924293,-34.008979510532086,-0.0002269282947631341,trailing_stop,149832.62420534805
BTCUSDT,2022-09-22,2022-09-22T07:26:00+00:00,2022-09-22T08:48:00+00:00,long,18879.98,19190.7201,0.793605841771803,,74.91631210267403,246.60515863275353,0.0016458709172361365,trailing_stop,150079.22936398082
BTCUSDT,2022-09-23,2022-09-23T07:00:00+00:00,2022-09-23T09:14:00+00:00,short,19312.85,19122.56425,0.7770951949814804,,75.03961468199041,147.87014199844654,0.0009852805256603718,trailing_stop,150227.09950597928
BTCUSDT,2022-09-26,2022-09-26T07:00:00+00:00,2022-09-26T07:06:00+00:00,short,18689.41,18774.16705,0.803808678315577,,75.11354975298964,-68.12845233842741,-0.00045350308008653117,trailing_stop,150158.97105364085
BTCUSDT,2022-09-27,2022-09-27T08:37:00+00:00,2022-09-27T09:39:00+00:00,short,20177.89,20192.189449999998,0.744175783759555,,75.07948552682043,-10.641304411079537,-7.086692414320137e-05,trailing_stop,150148.32974922977
BTCUSDT,2022-09-28,2022-09-28T07:07:00+00:00,2022-09-28T07:17:00+00:00,short,18684.23,18715.42115,0.8036099413742487,,75.0741648746149,-25.065518222894386,-0.00016693837530365845,trailing_stop,150123.26423100688
BTCUSDT,2022-09-29,2022-09-29T07:05:00+00:00,2022-09-29T07:13:00+00:00,short,19291.81,19377.59905,0.7781709659747161,,75.06163211550344,-66.75854790855276,-0.00044469155563941077,trailing_stop,150056.50568309834
BTCUSDT,2022-09-30,2022-09-30T07:08:00+00:00,2022-09-30T07:53:00+00:00,long,19494.36,19542.5282,0.7697431753753309,,75.02825284154918,37.07714322011407,0.0002470878756727591,trailing_stop,150093.58282631845
BTCUSDT,2022-10-03,2022-10-03T07:12:00+00:00,2022-10-03T10:33:00+00:00,short,19156.0,19218.449999999997,0.7835330070281815,,75.04679141315923,-48.931636288907654,-0.0003260075172269633,trailing_stop,150044.65119002954
BTCUSDT,2022-10-04,2022-10-04T07:00:00+00:00,2022-10-04T08:09:00+00:00,long,19870.0,20052.65,0.7551316114244063,,75.02232559501478,137.9247888266689,0.0009192249622546624,trailing_stop,150182.5759788562
BTCUSDT,2022-10-05,2022-10-05T08:10:00+00:00,2022-10-05T08:32:00+00:00,short,20200.0,20104.38,0.7434780989052289,,75.09128798942811,71.09137581731723,0.00047336633663365836,trailing_stop,150253.66735467353
BTCUSDT,2022-10-06,2022-10-06T07:00:00+00:00,2022-10-06T11:34:00+00:00,short,20164.23,20180.831149999998,0.7451495413148607,,75.12683367733676,-12.370339307798154,-8.23296996711434e-05,trailing_stop,150241.29701536574
BTCUSDT,2022-10-07,2022-10-07T07:40:00+00:00,2022-10-07T12:28:00+00:00,long,19934.91,19969.14545,0.7536592691683371,,75.12064850768287,25.801864226649244,0.00017173616535013267,trailing_stop,150267.09887959238
BTCUSDT,2022-10-10,2022-10-10T07:25:00+00:00,2022-10-10T08:10:00+00:00,long,19435.0,19344.215,0.7731777662958187,,75.13354943979618,-70.19294351316579,-0.0004671211731412392,trailing_stop,150196.90593607922
BTCUSDT,2022-10-11,2022-10-11T08:04:00+00:00,2022-10-11T09:43:00+00:00,long,19112.06,19047.4397,0.7858750230800824,,75.09845296803961,-50.783479753943666,-0.0003381126890560322,trailing_stop,150146.12245632528
BTCUSDT,2022-10-12,2022-10-12T07:27:00+00:00,2022-10-12T09:25:00+00:00,short,19115.01,19175.585049999998,0.7854880664793024,,75.07306122816264,-47.58097890138664,-0.00031689782009007307,trailing_stop,150098.5414774239
BTCUSDT,2022-10-13,2022-10-13T07:01:00+00:00,2022-10-13T10:32:00+00:00,short,19041.52,18665.71,0.7882697467293781,,75.04927073871194,296.23965351836864,0.0019736344577533796,trailing_stop,150394.78113094225
BTCUSDT,2022-10-14,2022-10-14T07:13:00+00:00,2022-10-14T08:10:00+00:00,short,19778.2,19667.221,0.7604068172581036,,75.19739056547112,84.38918817248658,0.0005611177963616474,trailing_stop,150479.17031911475
BTCUSDT,2022-10-17,2022-10-17T07:52:00+00:00,2022-10-17T11:48:00+00:00,long,19298.55,19448.72725,0.7797434020644802,,75.23958515955738,117.09971982768846,0.0007781789305414171,trailing_stop,150596.27003894243
BTCUSDT,2022-10-18,2022-10-18T07:52:00+00:00,2022-10-18T08:38:00+00:00,long,19658.68,19589.9866,0.7660548421305114,,75.29813501947122,-52.62291169240816,-0.0003494303788453757,trailing_stop,150543.64712725
BTCUSDT,2022-10-19,2022-10-19T07:42:00+00:00,2022-10-19T08:29:00+00:00,long,19243.13,19147.374350000002,0.7823241184113499,,75.271823563625,-74.9119544691551,-0.0004976095364943185,trailing_stop,150468.73517278084
BTCUSDT,2022-10-20,2022-10-20T07:01:00+00:00,2022-10-20T12:35:00+00:00,long,19140.0,19186.98,0.7861480416550722,,75.23436758639042,36.93323499695495,0.00024545454545454317,trailing_stop,150505.6684077778
BTCUSDT,2022-10-21,2022-10-21T07:00:00+00:00,2022-10-21T09:31:00+00:00,short,19029.18,18995.1459,0.7909204096433887,,75.2528342038889,26.91826431384466,0.00017885216283623765,trailing_stop,150532.58667209162
BTCUSDT,2022-10-24,2022-10-24T07:00:00+00:00,2022-10-24T09:33:00+00:00,short,19283.25,19347.00625,0.7806390866274702,,75.26629333604582,-49.77062076679151,-0.00033063021015647544,trailing_stop,150482.81605132483
BTCUSDT,2022-10-25,2022-10-25T07:01:00+00:00,2022-10-25T12:52:00+00:00,short,19321.8,19333.609,0.7788240021702163,,75.24140802566242,-9.197132641628945,-6.111749422932185e-05,trailing_stop,150473.6189186832
BTCUSDT,2022-10-26,2022-10-26T07:09:00+00:00,2022-10-26T08:13:00+00:00,long,20249.0,20303.215,0.7431162966995071,,75.2368094593416,40.288050025563884,0.00026774161686996954,trailing_stop,150513.90696870876
BTCUSDT,2022-10-27,2022-10-27T07:00:00+00:00,2022-10-27T09:50:00+00:00,short,20704.0,20624.52,0.7269798443233615,,75.25695348435438,57.78035802682045,0.00038388717156104886,trailing_stop,150571.68732673558
BTCUSDT,2022-10-28,2022-10-28T07:00:00+00:00,2022-10-28T08:32:00+00:00,short,20254.0,20127.27,0.7434170402228478,,75.2858436633678,94.21324150744118,0.0006257035647279529,trailing_stop,150665.90056824303
BTCUSDT,2022-10-31,2022-10-31T08:00:00+00:00,2022-10-31T10:13:00+00:00,long,20548.04,20743.179799999998,0.7332373334305513,,75.33295028412152,143.08378659816904,0.0009496759788281376,trailing_stop,150808.9843548412
BTCUSDT,2022-11-01,2022-11-01T08:48:00+00:00,2022-11-01T09:45:00+00:00,short,20576.64,20648.3332,0.7329135580679897,,75.40449217742061,-52.54491830128112,-0.00034842034462381386,trailing_stop,150756.43943653992
BTCUSDT,2022-11-02,2022-11-02T08:25:00+00:00,2022-11-02T09:32:00+00:00,long,20451.58,20437.6421,0.7371383503697021,,75.37821971826996,-10.274160613618466,-6.815072478508169e-05,trailing_stop,150746.1652759263
BTCUSDT,2022-11-03,2022-11-03T08:03:00+00:00,2022-11-03T12:05:00+00:00,short,20281.01,20153.40505,0.7432872686119987,,75.37308263796315,94.84713474686858,0.0006291843946627767,trailing_stop,150841.01241067317
BTCUSDT,2022-11-04,2022-11-04T08:02:00+00:00,2022-11-04T10:18:00+00:00,long,20626.6,20555.436999999998,0.7312936325457088,,75.42050620533658,-52.041048772850615,-0.0003450059631737682,trailing_stop,150788.97136190033
BTCUSDT,2022-11-07,2022-11-07T08:00:00+00:00,2022-11-07T08:04:00+00:00,short,20612.67,20674.58335,0.731535368110489,,75.39448568095017,-45.2918052832054,-0.0003003655033530471,trailing_stop,150743.67955661713
BTCUSDT,2022-11-08,2022-11-08T08:13:00+00:00,2022-11-08T08:34:00+00:00,short,19720.0,19761.629999999997,0.7644202817272674,,75.37183977830857,-31.82281632830414,-0.0002111054766734147,trailing_stop,150711.85674028884
BTCUSDT,2022-11-09,2022-11-09T08:02:00+00:00,2022-11-09T08:16:00+00:00,short,18202.59,18178.89295,0.8279692985464643,,75.35592837014443,19.620429866119544,0.00013018504509522467,trailing_stop,150731.47717015498
BTCUSDT,2022-11-10,2022-11-10T08:10:00+00:00,2022-11-10T08:27:00+00:00,short,16637.37,16558.20685,0.905981397120789,,75.3657385850775,71.72034123748287,0.0004758152881134478,trailing_stop,150803.19751139247
BTCUSDT,2022-11-11,2022-11-11T08:30:00+00:00,2022-11-11T08:37:00+00:00,short,17323.14,17357.825699999998,0.8705303860119613,,75.40159875569624,-30.1949558100935,-0.0002002275568978729,trailing_stop,150773.00255558238
BTCUSDT,2022-11-14,2022-11-14T08:03:00+00:00,2022-11-14T08:06:00+00:00,long,16889.97,16845.55015,0.892677740431643,,75.3865012777912,-39.65261132831434,-0.0002629954345685756,trailing_stop,150733.34994425406
BTCUSDT,2022-11-15,2022-11-15T08:22:00+00:00,2022-11-15T08:52:00+00:00,long,16942.09,16904.28955,0.8896974927193401,,75.36667497212703,-33.630965588661724,-0.00022311562504979498,trailing_stop,150699.7189786654
BTCUSDT,2022-11-16,2022-11-16T08:00:00+00:00,2022-11-16T08:47:00+00:00,short,16821.89,16781.25945,0.8958548592260763,,75.3498594893327,36.3990756505263,0.00024153379911530777,trailing_stop,150736.1180543159
BTCUSDT,2022-11-17,2022-11-17T08:02:00+00:00,2022-11-17T09:15:00+00:00,long,16624.12,16552.6994,0.9067314122751515,,75.36805902715795,-64.75930150353655,-0.0004296203347906394,trailing_stop,150671.35875281238
BTCUSDT,2022-11-18,2022-11-18T08:02:00+00:00,2022-11-18T09:31:00+00:00,short,16724.32,16763.6216,0.9009117186995488,,75.33567937640619,-35.40727200364117,-0.00023499669941736865,trailing_stop,150635.95148080873
BTCUSDT,2022-11-21,2022-11-21T08:45:00+00:00,2022-11-21T09:08:00+00:00,long,16064.9,15987.805499999999,0.9376712676755456,,75.31797574040436,-72.28929754581335,-0.00047989405474046566,trailing_stop,150563.6621832629
BTCUSDT,2022-11-22,2022-11-22T08:17:00+00:00,2022-11-22T08:46:00+00:00,short,15700.11,15738.50055,0.9589974986370343,,75.28183109163145,-36.81644142130007,-0.0002445240829522855,trailing_stop,150526.8457418416
BTCUSDT,2022-11-23,2022-11-23T09:08:00+00:00,2022-11-23T10:55:00+00:00,long,16577.7,16594.3615,0.9080080212685812,,75.26342287092079,15.128775646364959,0.00010050549835018332,trailing_stop,150541.97451748795
BTCUSDT,2022-11-24,2022-11-24T08:04:00+00:00,2022-11-24T09:27:00+00:00,short,16614.75,16603.333749999998,0.9060742684511529,,75.27098725874397,10.343970367207321,6.871153643601039e-05,trailing_stop,150552.31848785517
BTCUSDT,2022-11-25,2022-11-25T08:01:00+00:00,2022-11-25T10:04:00+00:00,long,16474.88,16413.2156,0.9138295300958499,,75.27615924392758,-56.350749675643875,-0.0003742934698158741,trailing_stop,150495.96773817952
BTCUSDT,2022-11-28,2022-11-28T08:30:00+00:00,2022-11-28T09:36:00+00:00,long,16235.2,16189.414,0.926973290986126,,75.24798386908977,-42.44239910109082,-0.0002820168522716078,trailing_stop,150453.52533907842
BTCUSDT,2022-11-29,2022-11-29T08:03:00+00:00,2022-11-29T08:31:00+00:00,short,16458.95,16512.29475,0.914113751722184,,75.22676266953921,-48.76316955718216,-0.00032410785621197097,trailing_stop,150404.76216952124
BTCUSDT,2022-11-30,2022-11-30T08:16:00+00:00,2022-11-30T09:27:00+00:00,long,16920.16,16846.0592,0.8889086283434744,,75.20238108476062,-65.86884048715427,-0.000437943849230741,trailing_stop,150338.8933290341
BTCUSDT,2022-12-01,2022-12-01T08:09:00+00:00,2022-12-01T12:12:00+00:00,short,17064.11,17127.69055,0.8810239346150142,,75.16944666451705,-56.01598632598555,-0.0003725981020984907,trailing_stop,150282.87734270812
BTCUSDT,2022-12-02,2022-12-02T08:51:00+00:00,2022-12-02T13:24:00+00:00,long,16971.35,17020.87325,0.8855092691076912,,75.14143867135407,43.85329691133925,0.0002918050125653058,trailing_stop,150326.73063961946
BTCUSDT,2022-12-05,2022-12-05T08:26:00+00:00,2022-12-05T09:23:00+00:00,long,17364.68,17299.1766,0.865704007442806,,75.16336531980973,-56.70655588113033,-0.0003772220392198498,trailing_stop,150270.02408373833
BTCUSDT,2022-12-06,2022-12-06T08:04:00+00:00,2022-12-06T10:03:00+00:00,long,17019.46,16956.862699999998,0.8829306222626238,,75.13501204186917,-55.26907304096126,-0.00036779839078326384,trailing_stop,150214.75501069738
BTCUSDT,2022-12-07,2022-12-07T08:05:00+00:00,2022-12-07T08:07:00+00:00,short,16729.35,16764.73,0.8979114849692151,,75.1073775053487,-31.768108338211746,-0.0002114846063953532,trailing_stop,150182.98690235917
BTCUSDT,2022-12-08,2022-12-08T08:56:00+00:00,2022-12-08T11:45:00+00:00,long,16835.35,16762.16325,0.892069288148801,,75.09149345117959,-65.28765197442169,-0.0004347206918774906,trailing_stop,150117.69925038476
BTCUSDT,2022-12-09,2022-12-09T08:00:00+00:00,2022-12-09T12:41:00+00:00,short,17210.54,17286.0527,0.8722428189376089,,75.05884962519238,-65.86541031358938,-0.0004387584584795091,trailing_stop,150051.83384007117
BTCUSDT,2022-12-12,2022-12-12T08:17:00+00:00,2022-12-12T10:29:00+00:00,short,16906.05,16988.02025,0.8875629365822956,,75.02591692003558,-72.7537558023868,-0.0004848574918446482,trailing_stop,149979.0800842688
BTCUSDT,2022-12-13,2022-12-13T08:27:00+00:00,2022-12-13T10:01:00+00:00,long,17179.41,17414.10295,0.873016477773502,,74.9895400421344,204.89081256727312,0.0013661292791778098,trailing_stop,150183.97089683605
BTCUSDT,2022-12-14,2022-12-14T08:33:00+00:00,2022-12-14T09:41:00+00:00,long,17817.46,17789.4127,0.8429033706085831,,75.09198544841803,-23.64116370646873,-0.0001574146932278695,trailing_stop,150160.3297331296
BTCUSDT,2022-12-15,2022-12-15T08:14:00+00:00,2022-12-15T11:28:00+00:00,short,17683.32,17698.6366,0.8491636736378101,,75.0801648665648,-13.006300323642519,-8.661608792920068e-05,trailing_stop,150147.32343280595
BTCUSDT,2022-12-16,2022-12-16T08:29:00+00:00,2022-12-16T08:56:00+00:00,short,17462.29,17267.32145,0.8598375323786626,,75.07366171640298,167.6412769234471,0.001116511923693865,trailing_stop,150314.9647097294
BTCUSDT,2022-12-19,2022-12-19T08:31:00+00:00,2022-12-19T14:05:00+00:00,long,16745.0,16700.275,0.8976707358001157,,75.1574823548647,-40.14832365865887,-0.0002670946551209229,trailing_stop,150274.81638607074
BTCUSDT,2022-12-20,2022-12-20T08:16:00+00:00,2022-12-20T09:40:00+00:00,short,16780.08,16853.1504,0.8955548268308061,,75.13740819303537,-65.43854941845494,-0.0004354591873220919,trailing_stop,150209.37783665227
BTCUSDT,2022-12-21,2022-12-21T08:00:00+00:00,2022-12-21T08:53:00+00:00,short,16813.44,16879.7572,0.8933887285210657,,75.10468891832613,-59.2470389870784,-0.0003944296943397741,trailing_stop,150150.1307976652
BTCUSDT,2022-12-22,2022-12-22T08:00:00+00:00,2022-12-22T13:30:00+00:00,long,16831.45,16784.36275,0.8920807820934333,,75.07506539883259,-42.00563080662946,-0.00027975753722941574,trailing_stop,150108.12516685855
BTCUSDT,2022-12-23,2022-12-23T08:01:00+00:00,2022-12-23T13:30:00+00:00,long,16856.54,16806.6073,0.890503775785888,,75.05406258342927,-44.46525788518508,-0.00029622152588847534,trailing_stop,150063.65990897335
BTCUSDT,2022-12-26,2022-12-26T08:10:00+00:00,2022-12-26T15:59:00+00:00,short,16838.62,16809.51,0.8911874008022829,,75.03182995448668,25.942465237354973,0.00017287639960994776,session_close,150089.6023742107
BTCUSDT,2022-12-27,2022-12-27T08:02:00+00:00,2022-12-27T15:19:00+00:00,short,16853.52,16817.4776,0.8905534415018981,,75.04480118710535,32.09768335998987,0.000213856808548019,trailing_stop,150121.70005757068
BTCUSDT,2022-12-28,2022-12-28T08:02:00+00:00,2022-12-28T15:27:00+00:00,long,16655.17,16701.914149999997,0.9013519529225501,,75.06085002878534,42.13293089020338,0.0002806584982320723,trailing_stop,150163.83298846087
BTCUSDT,2022-12-29,2022-12-29T08:19:00+00:00,2022-12-29T09:23:00+00:00,short,16534.04,16600.2102,0.9082101711890189,,75.08191649423044,-60.09644866961205,-0.00040020587829714014,trailing_stop,150103.73653979125
BTCUSDT,2022-12-30,2022-12-30T08:46:00+00:00,2022-12-30T14:05:00+00:00,long,16498.04,16448.6098,0.9098276918942567,,75.05186826989562,-44.97296477587378,-0.00029961256003744994,trailing_stop,150058.7635750154
BTCUSDT,2023-01-02,2023-01-02T08:17:00+00:00,2023-01-02T13:38:00+00:00,long,16760.99,16688.205049999997,0.8952858009879808,,75.02938178750769,-65.16333226062439,-0.00043425209370093735,trailing_stop,149993.60024275476
BTCUSDT,2023-01-03,2023-01-03T08:00:00+00:00,2023-01-03T14:52:00+00:00,long,16732.64,16689.3368,0.8964132392901226,,74.99680012137739,-38.817561783626665,-0.0002587947867162532,trailing_stop,149954.78268097114
BTCUSDT,2023-01-04,2023-01-04T08:11:00+00:00,2023-01-04T08:34:00+00:00,long,16882.01,16834.58995,0.8882519479669254,,74.97739134048557,-42.12095178518633,-0.0002808910194935141,trailing_stop,149912.66172918596
BTCUSDT,2023-01-05,2023-01-05T08:00:00+00:00,2023-01-05T14:00:00+00:00,long,16824.4,16754.878,0.891043138115986,,74.95633086459299,-61.94710104810033,-0.0004132212738641547,trailing_stop,149850.71462813785
BTCUSDT,2023-01-06,2023-01-06T08:15:00+00:00,2023-01-06T11:06:00+00:00,long,16802.87,16728.20565,0.8918161875211668,,74.92535731406893,-66.58687596074523,-0.0004443547441597722,trailing_stop,149784.1277521771
BTCUSDT,2023-01-09,2023-01-09T08:30:00+00:00,2023-01-09T13:51:00+00:00,long,17211.06,17209.4947,0.8702783428340678,,74.89206387608856,-1.3622466900399293,-9.094733270362347e-06,trailing_stop,149782.76550548707
BTCUSDT,2023-01-10,2023-01-10T08:08:00+00:00,2023-01-10T09:19:00+00:00,short,17192.0,17273.69,0.8712352577099062,,74.89138275274354,-71.1712082023211,-0.0004751628664495038,trailing_stop,149711.59429728476
BTCUSDT,2023-01-11,2023-01-11T08:15:00+00:00,2023-01-11T15:59:00+00:00,short,17435.0,17332.43,0.8586842230988515,,74.85579714864238,88.07524076324894,0.0005882993977631185,session_close,149799.669538048
BTCUSDT,2023-01-12,2023-01-12T08:04:00+00:00,2023-01-12T09:30:00+00:00,short,18117.3,18161.646500000003,0.8268321965085748,,74.89983476902401,-36.66711400247023,-0.0002447743317161127,trailing_stop,149763.00242404552
BTCUSDT,2023-01-13,2023-01-13T08:18:00+00:00,2023-01-13T10:25:00+00:00,long,18834.98,18937.395099999998,0.795132261483928,,74.88150121202277,81.43355007310132,0.0005437494491631971,trailing_stop,149844.43597411862
BTCUSDT,2023-01-16,2023-01-16T08:08:00+00:00,2023-01-16T08:10:00+00:00,short,21066.23,20794.33115,0.7113016233759843,,74.92221798705931,193.40209339906167,0.0012906858512415262,trailing_stop,150037.83806751767
BTCUSDT,2023-01-17,2023-01-17T08:16:00+00:00,2023-01-17T10:07:00+00:00,long,21177.14,21143.5743,0.7084896169526087,,75.01891903375883,-23.78094993574561,-0.00015849968409331573,trailing_stop,150014.05711758192
BTCUSDT,2023-01-18,2023-01-18T08:00:00+00:00,2023-01-18T08:31:00+00:00,long,21308.42,21210.2279,0.7040130479762551,,75.00702855879096,-69.12851960818682,-0.0004608136126470033,trailing_stop,149944.92859797375
BTCUSDT,2023-01-19,2023-01-19T08:10:00+00:00,2023-01-19T09:34:00+00:00,long,20844.61,20742.52695,0.7193462895106877,,74.97246429898688,-73.43306323943479,-0.0004897335570202613,trailing_stop,149871.4955347343
BTCUSDT,2023-01-20,2023-01-20T08:23:00+00:00,2023-01-20T12:15:00+00:00,short,20938.66,21003.4833,0.7157645022877983,,74.93574776736716,-46.39821706115265,-0.0003095866688699278,trailing_stop,149825.09731767315
BTCUSDT,2023-01-23,2023-01-23T09:25:00+00:00,2023-01-23T11:11:00+00:00,long,22758.9,22843.4555,0.6583143179928429,,74.91254865883657,55.66409631504289,0.00037152718277244754,trailing_stop,149880.7614139882
BTCUSDT,2023-01-24,2023-01-24T09:01:00+00:00,2023-01-24T09:05:00+00:00,short,23033.8,22940.169,0.6506992394393812,,74.94038070699409,60.925620487947135,0.0004064939349998593,trailing_stop,149941.68703447614
BTCUSDT,2023-01-25,2023-01-25T08:08:00+00:00,2023-01-25T09:32:00+00:00,short,22706.52,22684.292599999997,0.6603463984550523,,74.97084351723807,14.677783537022073,9.7889945266837e-05,trailing_stop,149956.36481801316
BTCUSDT,2023-01-26,2023-01-26T08:29:00+00:00,2023-01-26T08:51:00+00:00,short,22951.27,23038.31635,0.6533684838268783,,74.97818240900658,-56.873341722164135,-0.0003792659404033003,trailing_stop,149899.491476291
BTCUSDT,2023-01-27,2023-01-27T08:00:00+00:00,2023-01-27T08:15:00+00:00,long,23081.83,22968.46085,0.6494263733694036,,74.94974573814551,-73.62491593647339,-0.0004911618792790791,trailing_stop,149825.86656035454
BTCUSDT,2023-01-30,2023-01-30T08:25:00+00:00,2023-01-30T09:17:00+00:00,short,23603.08,23333.4954,0.6347725235874069,,74.91293328017727,171.12489686230288,0.0011421585657465122,trailing_stop,149996.99145721685
BTCUSDT,2023-01-31,2023-01-31T08:00:00+00:00,2023-01-31T08:47:00+00:00,long,22989.48,22881.8926,0.6524592616153861,,74.99849572860843,-70.19639556311942,-0.00046798535678058123,trailing_stop,149926.79506165374
BTCUSDT,2023-02-01,2023-02-01T08:12:00+00:00,2023-02-01T11:17:00+00:00,short,23055.48,23034.6074,0.6502870253044124,,74.96339753082687,13.573180964368087,9.053205571950261e-05,trailing_stop,149940.3682426181
BTCUSDT,2023-02-02,2023-02-02T08:23:00+00:00,2023-02-02T13:53:00+00:00,long,23827.16,23733.6142,0.629283423801318,,74.97018412130906,-58.86682130623325,-0.00039260155217827,trailing_stop,149881.50142131187
BTCUSDT,2023-02-03,2023-02-03T08:03:00+00:00,2023-02-03T09:13:00+00:00,short,23447.25,23439.53625,0.6392284870136663,,74.94075071065593,4.930848741701017,3.2898314301246334e-05,trailing_stop,149886.43227005357
BTCUSDT,2023-02-06,2023-02-06T08:02:00+00:00,2023-02-06T09:22:00+00:00,long,22887.99,22825.55005,0.6548693540588473,,74.94321613502679,-40.89000972396669,-0.0002728066116771283,trailing_stop,149845.54226032962
BTCUSDT,2023-02-07,2023-02-07T08:06:00+00:00,2023-02-07T09:49:00+00:00,short,22888.11,22977.290549999998,0.6546872688934543,,74.9227711301648,-58.385370717914384,-0.0003896370211432805,trailing_stop,149787.1568896117
BTCUSDT,2023-02-08,2023-02-08T08:00:00+00:00,2023-02-08T12:52:00+00:00,long,23239.33,23123.243349999997,0.6445416321796356,,74.89357844480585,-74.82267886526914,-0.0004995266644950811,trailing_stop,149712.33421074643
BTCUSDT,2023-02-09,2023-02-09T08:18:00+00:00,2023-02-09T12:29:00+00:00,long,22705.0,22656.475,0.659380463381398,,74.85616710537322,-31.996436985583298,-0.00021371944505616143,trailing_stop,149680.33777376084
BTCUSDT,2023-02-10,2023-02-10T08:01:00+00:00,2023-02-10T09:57:00+00:00,long,21926.2,21817.279,0.6826551694947636,,74.84016888688042,-74.35548371654058,-0.000496761864801024,trailing_stop,149605.9822900443
BTCUSDT,2023-02-13,2023-02-13T08:17:00+00:00,2023-02-13T09:41:00+00:00,short,21798.05,21588.99025,0.6863273654755555,,74.80299114502216,143.4834274444785,0.0009590754677597325,trailing_stop,149749.46571748878
BTCUSDT,2023-02-14,2023-02-14T08:05:00+00:00,2023-02-14T09:51:00+00:00,short,21736.51,21775.07255,0.6889305859932842,,74.8747328587444,-26.566920168896957,-0.00017740911489472037,trailing_stop,149722.89879731988
BTCUSDT,2023-02-15,2023-02-15T08:03:00+00:00,2023-02-15T10:36:00+00:00,short,22098.0,22199.600000000002,0.6775404959603578,,74.86144939865994,-68.83811438957383,-0.0004597701149425386,trailing_stop,149654.0606829303
BTCUSDT,2023-02-16,2023-02-16T08:17:00+00:00,2023-02-16T11:35:00+00:00,long,24618.03,24541.39985,0.6079042908101514,,74.82703034146516,-46.58379699042384,-0.0003112765318752038,trailing_stop,149607.4768859399
BTCUSDT,2023-02-17,2023-02-17T08:00:00+00:00,2023-02-17T08:37:00+00:00,short,23628.36,23650.8318,0.633169110704001,,74.80373844296994,-14.228449621917756,-9.510520408525749e-05,trailing_stop,149593.24843631798
BTCUSDT,2023-02-20,2023-02-20T08:16:00+00:00,2023-02-20T08:37:00+00:00,long,24538.32,24447.348400000003,0.6096311745723342,,74.796624218159,-55.459123360722806,-0.00037073279670326713,trailing_stop,149537.78931295726
BTCUSDT,2023-02-21,2023-02-21T08:05:00+00:00,2023-02-21T08:29:00+00:00,long,25050.0,25053.02,0.5969572427662965,,74.76889465647864,1.8028108731544759,1.2055888223554637e-05,trailing_stop,149539.59212383043
BTCUSDT,2023-02-22,2023-02-22T08:20:00+00:00,2023-02-22T09:05:00+00:00,short,23966.73,23980.44365,0.623946579795535,,74.76979606191522,-8.55658501401398,-5.721952890528457e-05,trailing_stop,149531.03553881642
BTCUSDT,2023-02-23,2023-02-23T08:15:00+00:00,2023-02-23T09:31:00+00:00,long,24430.0,24372.129999999997,0.6120795560328137,,74.7655177694082,-35.421043907620536,-0.0002368808841588318,trailing_stop,149495.6144949088
BTCUSDT,2023-02-24,2023-02-24T08:13:00+00:00,2023-02-24T08:31:00+00:00,short,23766.6,23872.862999999998,0.6290155701484806,,74.7478072474544,-66.84108153068738,-0.00044711065108176605,trailing_stop,149428.7734133781
BTCUSDT,2023-02-27,2023-02-27T08:08:00+00:00,2023-02-27T13:16:00+00:00,short,23412.55,23449.712750000002,0.6382421966568277,,74.71438670668906,-23.71883519381053,-0.0001587300400853523,trailing_stop,149405.0545781843
BTCUSDT,2023-02-28,2023-02-28T08:00:00+00:00,2023-02-28T09:11:00+00:00,short,23212.8,23316.064,0.6436321967973889,,74.70252728909215,-66.46403517008507,-0.00044485800937413506,trailing_stop,149338.5905430142
BTCUSDT,2023-03-01,2023-03-01T08:13:00+00:00,2023-03-01T08:56:00+00:00,long,23760.0,23878.86,0.6285294214773325,,74.6692952715071,74.7070070367961,0.0005002525252525276,trailing_stop,149413.297550051
BTCUSDT,2023-03-02,2023-03-02T08:33:00+00:00,2023-03-02T08:44:00+00:00,short,23363.37,23464.576849999998,0.6395194595216829,,74.7066487750255,-64.72375001189118,-0.0004331860086965137,trailing_stop,149348.57380003913
BTCUSDT,2023-03-03,2023-03-03T08:49:00+00:00,2023-03-03T09:42:00+00:00,long,22399.13,22367.97435,0.6667606009699445,,74.67428690001957,-20.773359917609653,-0.0001390931254919303,trailing_stop,149327.80044012153
BTCUSDT,2023-03-06,2023-03-06T08:08:00+00:00,2023-03-06T13:45:00+00:00,short,22385.12,22466.9256,0.6670851013535846,,74.66390022006077,-54.571296967290586,-0.00036544633220639283,trailing_stop,149273.22914315423
BTCUSDT,2023-03-07,2023-03-07T08:07:00+00:00,2023-03-07T14:34:00+00:00,short,22410.24,22312.3712,0.6660938443459518,,74.63661457157711,65.1898052335252,0.0004367146447338368,trailing_stop,149338.41894838776
BTCUSDT,2023-03-08,2023-03-08T08:02:00+00:00,2023-03-08T10:24:00+00:00,short,21961.17,22054.35585,0.6800112150144448,,74.66920947419388,-63.36742308065494,-0.0004243209719700802,trailing_stop,149275.0515253071
BTCUSDT,2023-03-09,2023-03-09T08:02:00+00:00,2023-03-09T10:49:00+00:00,short,21665.67,21635.32835,0.6889934699702668,,74.63752576265355,20.9051987181223,0.00014004482667740478,trailing_stop,149295.95672402522
BTCUSDT,2023-03-10,2023-03-10T08:45:00+00:00,2023-03-10T08:58:00+00:00,short,19882.19,19975.240950000003,0.7509029776097362,,74.64797836201261,-69.87223542441797,-0.0004680115721658649,trailing_stop,149226.0844886008
BTCUSDT,2023-03-13,2023-03-13T08:06:00+00:00,2023-03-13T08:08:00+00:00,long,22495.0,22416.91,0.6633744587179409,,74.6130422443004,-51.8029114812841,-0.0003471438097354974,trailing_stop,149174.28157711952
BTCUSDT,2023-03-14,2023-03-14T08:13:00+00:00,2023-03-14T08:28:00+00:00,short,24139.06,24238.9753,0.6179788342094494,,74.58714078855976,-61.745540613685506,-0.0004139154548685696,trailing_stop,149112.53603650583
BTCUSDT,2023-03-15,2023-03-15T08:17:00+00:00,2023-03-15T08:25:00+00:00,long,24918.59,24797.627050000003,0.5983987699003268,,74.55626801825292,-72.38408048351316,-0.00048543256259682985,trailing_stop,149040.1519560223
BTCUSDT,2023-03-16,2023-03-16T08:34:00+00:00,2023-03-16T09:36:00+00:00,short,24558.24,24497.1412,0.6068844996873648,,74.52007597801115,37.079914669500425,0.00024879144433804455,trailing_stop,149077.23187069182
BTCUSDT,2023-03-17,2023-03-17T08:06:00+00:00,2023-03-17T08:15:00+00:00,long,26092.0,26081.54,0.5713522607339101,,74.53861593534592,-5.976344647276201,-4.00889161428757e-05,trailing_stop,149071.25552604455
BTCUSDT,2023-03-20,2023-03-20T08:01:00+00:00,2023-03-20T08:11:00+00:00,long,28268.0,28200.66,0.5273498497454526,,74.53562776302228,-35.511738881858854,-0.00023821989528795861,trailing_stop,149035.7437871627
BTCUSDT,2023-03-21,2023-03-21T08:30:00+00:00,2023-03-21T09:34:00+00:00,long,27560.99,27592.425049999998,0.5407488765358671,,74.51787189358136,16.998467971346866,0.00011405631655465352,trailing_stop,149052.74225513404
BTCUSDT,2023-03-22,2023-03-22T08:53:00+00:00,2023-03-22T10:03:00+00:00,short,28070.0,28140.35,0.5310037130571216,,74.52637112756702,-37.35611121356773,-0.0002506234413965035,trailing_stop,149015.38614392048
BTCUSDT,2023-03-23,2023-03-23T08:09:00+00:00,2023-03-23T08:17:00+00:00,long,27672.83,27599.90585,0.538489869463732,,74.50769307196025,-39.26891601425499,-0.0002635225598538442,trailing_stop,148976.11722790622
BTCUSDT,2023-03-27,2023-03-27T07:03:00+00:00,2023-03-27T11:49:00+00:00,long,27800.0,27857.28,0.5358853137694468,,74.48805861395311,30.69551077271329,0.00020604316546762172,trailing_stop,149006.81273867894
BTCUSDT,2023-03-28,2023-03-28T07:14:00+00:00,2023-03-28T11:00:00+00:00,short,27037.48,26766.967399999998,0.5511120590331604,,74.50340636933947,149.08275598041473,0.0010005096628827902,trailing_stop,149155.89549465934
BTCUSDT,2023-03-29,2023-03-29T07:41:00+00:00,2023-03-29T08:42:00+00:00,long,28129.38,28509.3531,0.5302494953484909,,74.57794774732967,201.48054452100126,0.001350805101285557,trailing_stop,149357.37603918035
BTCUSDT,2023-03-30,2023-03-30T07:28:00+00:00,2023-03-30T08:36:00+00:00,long,28650.01,28632.34995,0.5213170118934701,,74.67868801959018,-9.206484495888542,-6.164064166120219e-05,trailing_stop,149348.16955468446
BTCUSDT,2023-03-31,2023-03-31T07:09:00+00:00,2023-03-31T07:25:00+00:00,short,28014.71,27816.83355,0.5331062486625221,,74.67408477734223,105.48917195815699,0.0007063305313529918,trailing_stop,149453.6587266426
BTCUSDT,2023-04-03,2023-04-03T07:01:00+00:00,2023-04-03T08:21:00+00:00,long,27793.25,28279.03375,0.537733653770763,,74.7268293633213,261.22227082996216,0.0017478479486925731,trailing_stop,149714.88099747256
BTCUSDT,2023-04-04,2023-04-04T07:41:00+00:00,2023-04-04T08:40:00+00:00,short,27981.06,28071.1053,0.535057932035,,74.85744049873628,-48.17945200747008,-0.0003218080372937907,trailing_stop,149666.7015454651
BTCUSDT,2023-04-05,2023-04-05T07:19:00+00:00,2023-04-05T08:22:00+00:00,short,28491.29,28592.95645,0.5253068623620238,,74.83335077273254,-53.40608385698591,-0.00035683343927214457,trailing_stop,149613.2954616081
BTCUSDT,2023-04-06,2023-04-06T07:12:00+00:00,2023-04-06T07:48:00+00:00,long,28073.92,27948.5104,0.5329262727171984,,74.80664773080404,-66.83407069095425,-0.0004467121086047087,trailing_stop,149546.46139091713
BTCUSDT,2023-04-07,2023-04-07T07:33:00+00:00,2023-04-07T08:28:00+00:00,short,27900.0,27906.44,0.5360088221896672,,74.77323069545857,-3.4518968149007545,-2.308243727598097e-05,trailing_stop,149543.00949410224
BTCUSDT,2023-04-10,2023-04-10T07:07:00+00:00,2023-04-10T13:32:00+00:00,long,28305.0,28233.495,0.5283271842222301,,74.77150474705113,-37.7780353078111,-0.00025262321144674444,trailing_stop,149505.23145879444
BTCUSDT,2023-04-11,2023-04-11T07:14:00+00:00,2023-04-11T09:22:00+00:00,long,30087.77,30010.09115,0.4968970164913998,,74.75261572939722,-38.59838880948309,-0.000258174168441198,trailing_stop,149466.63306998496
BTCUSDT,2023-04-12,2023-04-12T07:11:00+00:00,2023-04-12T08:59:00+00:00,long,29956.81,29920.63595,0.49894041812190604,,74.73331653499248,-18.048695632163454,-0.00012075401219289184,trailing_stop,149448.5843743528
BTCUSDT,2023-04-13,2023-04-13T07:01:00+00:00,2023-04-13T08:31:00+00:00,short,29986.64,30132.8632,0.498383894875694,,74.7242921871764,-72.87528793718776,-0.0004876278235907737,trailing_stop,149375.70908641562
BTCUSDT,2023-04-14,2023-04-14T07:38:00+00:00,2023-04-14T10:03:00+00:00,short,30788.93,30811.08465,0.4851604426864318,,74.6878545432078,-10.748559801563152,-7.195654412154109e-05,trailing_stop,149364.96052661404
BTCUSDT,2023-04-17,2023-04-17T07:02:00+00:00,2023-04-17T11:36:00+00:00,short,29888.0,29515.44,0.4997489310981466,,74.68248026330703,186.18646176992615,0.0012465203426124242,trailing_stop,149551.14698838396
BTCUSDT,2023-04-18,2023-04-18T07:01:00+00:00,2023-04-18T12:43:00+00:00,long,29740.0,30336.3,0.502861960283739,,74.77557349419199,299.85658691719317,0.0020050437121721565,trailing_stop,149851.00357530115
BTCUSDT,2023-04-19,2023-04-19T07:00:00+00:00,2023-04-19T08:11:00+00:00,short,30006.0,29558.64,0.4994034645580922,,74.92550178765057,223.41313390470842,0.0014909018196360747,trailing_stop,150074.41670920586
BTCUSDT,2023-04-20,2023-04-20T07:01:00+00:00,2023-04-20T09:12:00+00:00,short,28897.21,28873.48605,0.5193387759898132,,75.03720835460294,12.320767154643322,8.209771808420123e-05,trailing_stop,150086.73747636052
BTCUSDT,2023-04-21,2023-04-21T07:49:00+00:00,2023-04-21T08:14:00+00:00,long,28041.4,28097.093,0.5352326826633496,,75.04336873818026,29.808713795569552,0.00019860991248653523,trailing_stop,150116.54619015608
BTCUSDT,2023-04-24,2023-04-24T07:05:00+00:00,2023-04-24T08:11:00+00:00,short,27466.75,27487.33375,0.5465391653186346,,75.05827309507804,-11.249825544128319,-7.494061001029098e-05,trailing_stop,150105.29636461195
BTCUSDT,2023-04-25,2023-04-25T07:00:00+00:00,2023-04-25T08:30:00+00:00,short,27345.39,27328.72695,0.5489235895506042,,75.05264818230597,9.146741218860758,6.0935499548549884e-05,trailing_stop,150114.4431058308
BTCUSDT,2023-04-26,2023-04-26T07:23:00+00:00,2023-04-26T08:16:00+00:00,short,28339.51,28456.097550000002,0.5297002069048858,,75.05722155291541,-61.75644935753575,-0.00041139578630683394,trailing_stop,150052.68665647326
BTCUSDT,2023-04-27,2023-04-27T08:15:00+00:00,2023-04-27T08:23:00+00:00,short,28787.58,28924.3879,0.5212410583191545,,75.02634332823663,-71.30989458242094,-0.0004752323745170652,trailing_stop,149981.37676189083
BTCUSDT,2023-04-28,2023-04-28T07:16:00+00:00,2023-04-28T08:17:00+00:00,long,29516.01,29374.41995,0.5081356753907145,,74.99068838094541,-71.94695568535447,-0.0004797059290872949,trailing_stop,149909.42980620547
BTCUSDT,2023-05-01,2023-05-01T07:00:00+00:00,2023-05-01T08:09:00+00:00,long,28598.05,28570.94975,0.5241945860161986,,74.95471490310274,-14.205804329685227,-9.476257996611485e-05,trailing_stop,149895.2240018758
BTCUSDT,2023-05-02,2023-05-02T07:10:00+00:00,2023-05-02T07:49:00+00:00,long,28035.02,28024.3749,0.5346713646071084,,74.9476120009379,-5.691630143379958,-3.797072375907542e-05,trailing_stop,149889.5323717324
BTCUSDT,2023-05-03,2023-05-03T08:23:00+00:00,2023-05-03T08:29:00+00:00,short,28614.81,28732.07405,0.5238180242040132,,74.9447661858662,-61.42502298115954,-0.00040980195220586104,trailing_stop,149828.10734875125
BTCUSDT,2023-05-04,2023-05-04T07:21:00+00:00,2023-05-04T10:21:00+00:00,short,29090.56,29128.0328,0.5150402994949264,,74.91405367437562,-19.300002134913246,-0.00012881429577154773,trailing_stop,149808.80734661635
BTCUSDT,2023-05-05,2023-05-05T07:01:00+00:00,2023-05-05T07:13:00+00:00,long,29230.87,29095.265649999998,0.5125020478234701,,74.90440367330818,-69.49750706877131,-0.0004639080191592021,trailing_stop,149739.30983954758
BTCUSDT,2023-05-08,2023-05-08T07:09:00+00:00,2023-05-08T07:56:00+00:00,short,28124.39,27971.47195,0.5324179825395239,,74.8696549197738,81.41631967487815,0.0005437204149138888,trailing_stop,149820.72615922245
BTCUSDT,2023-05-09,2023-05-09T07:20:00+00:00,2023-05-09T09:42:00+00:00,long,27588.88,27535.7756,0.5430475110233632,,74.91036307961123,-28.838212244389183,-0.0001924847982230528,trailing_stop,149791.88794697807
BTCUSDT,2023-05-10,2023-05-10T07:02:00+00:00,2023-05-10T10:13:00+00:00,short,27580.0,27612.81,0.5431177953117406,,74.89594397348904,-17.81969486417892,-0.00011896301667875746,trailing_stop,149774.06825211388
BTCUSDT,2023-05-11,2023-05-11T07:06:00+00:00,2023-05-11T08:02:00+00:00,long,27516.42,27415.6279,0.5443079741191401,,74.88703412605695,-54.8619437582131,-0.00036629801405851036,trailing_stop,149719.20630835567
BTCUSDT,2023-05-12,2023-05-12T07:01:00+00:00,2023-05-12T08:34:00+00:00,long,26318.62,26258.5469,0.5688717961213607,,74.85960315417783,-34.17389229557686,-0.0002282532290826715,trailing_stop,149685.0324160601
BTCUSDT,2023-05-15,2023-05-15T07:24:00+00:00,2023-05-15T14:48:00+00:00,short,27405.0,27358.225000000002,0.5461960679294293,,74.84251620803005,25.548321077397866,0.00017068053274949031,trailing_stop,149710.5807371375
BTCUSDT,2023-05-16,2023-05-16T07:04:00+00:00,2023-05-16T08:08:00+00:00,long,27085.0,27117.165,0.5527435138901143,,74.85529036856875,17.778995124276012,0.0001187557688757647,trailing_stop,149728.35973226177
BTCUSDT,2023-05-17,2023-05-17T07:02:00+00:00,2023-05-17T07:45:00+00:00,long,27005.97,26897.63015,0.5544268905440602,,74.86417986613088,-60.06652615751007,-0.0004011700005591367,trailing_stop,149668.29320610425
BTCUSDT,2023-05-18,2023-05-18T07:31:00+00:00,2023-05-18T12:07:00+00:00,long,27250.0,27317.89,0.5492414429581808,,74.83414660305213,37.28800156243057,0.00024913761467889694,trailing_stop,149705.5812076667
BTCUSDT,2023-05-19,2023-05-19T07:11:00+00:00,2023-05-19T09:21:00+00:00,long,26938.49,26825.547550000003,0.5557311534821242,,74.85279060383334,-62.76563801559639,-0.0004192605079200751,trailing_stop,149642.8155696511
BTCUSDT,2023-05-22,2023-05-22T07:41:00+00:00,2023-05-22T12:45:00+00:00,long,26870.69,26765.64655,0.5568997877227979,,74.82140778482555,-58.49867500666888,-0.00039092204182325567,trailing_stop,149584.31689464443
BTCUSDT,2023-05-23,2023-05-23T07:11:00+00:00,2023-05-23T09:00:00+00:00,short,27278.18,27341.400899999997,0.5483661919330558,,74.79215844732222,-34.66820418357867,-0.00023176362939168456,trailing_stop,149549.64869046086
BTCUSDT,2023-05-24,2023-05-24T08:21:00+00:00,2023-05-24T11:10:00+00:00,long,26728.29,26705.37855,0.5595182059550418,,74.77482434523043,-12.81937339982842,-8.571984964245598e-05,trailing_stop,149536.82931706103
BTCUSDT,2023-05-25,2023-05-25T07:07:00+00:00,2023-05-25T09:35:00+00:00,short,26220.01,26257.86005,0.5703156837738088,,74.76841465853052,-21.586477146623377,-0.00014435558949062538,trailing_stop,149515.2428399144
BTCUSDT,2023-05-26,2023-05-26T07:13:00+00:00,2023-05-26T12:30:00+00:00,long,26442.8,26416.786,0.5654289365722027,,74.7576214199572,-14.709068355988837,-9.837838655512736e-05,trailing_stop,149500.5337715584
BTCUSDT,2023-05-29,2023-05-29T07:01:00+00:00,2023-05-29T11:12:00+00:00,short,27982.59,27885.69295,0.5342626746543419,,74.7502668857792,51.76847709911527,0.00034627620245302376,trailing_stop,149552.3022486575
BTCUSDT,2023-05-30,2023-05-30T07:01:00+00:00,2023-05-30T11:00:00+00:00,long,27821.86,27898.1107,0.5375352411688417,,74.77615112432875,40.987438413793264,0.00027406758570419263,trailing_stop,149593.2896870713
BTCUSDT,2023-05-31,2023-05-31T07:31:00+00:00,2023-05-31T09:39:00+00:00,long,27188.97,27070.40515,0.5501984432917881,,74.79664484353565,-65.23419589912574,-0.0004360770194678301,trailing_stop,149528.05549117216
BTCUSDT,2023-06-01,2023-06-01T07:02:00+00:00,2023-06-01T08:56:00+00:00,short,26778.08,26898.0504,0.5583972244879848,,74.76402774558608,-66.9911383807124,-0.00044801718420438784,trailing_stop,149461.06435279144
BTCUSDT,2023-06-02,2023-06-02T07:03:00+00:00,2023-06-02T09:00:00+00:00,short,27068.0,27181.14,0.5521688501285336,,74.73053217639573,-62.472383703541965,-0.00041798433574700544,trailing_stop,149398.5919690879
BTCUSDT,2023-06-05,2023-06-05T07:00:00+00:00,2023-06-05T14:01:00+00:00,short,26761.26,26773.8063,0.5582644164328882,,74.69929598454395,-7.004152847892946,-4.68823216844117e-05,trailing_stop,149391.58781624
BTCUSDT,2023-06-06,2023-06-06T07:32:00+00:00,2023-06-06T08:24:00+00:00,long,25807.63,25680.86185,0.5788659703205603,,74.69579390812001,-73.38176815549227,-0.0004912041516404253,trailing_stop,149318.2060480845
BTCUSDT,2023-06-07,2023-06-07T07:03:00+00:00,2023-06-07T07:34:00+00:00,short,26814.71,26887.08355,0.5568518400836127,,74.65910302404225,-40.30134449088349,-0.00026990241550253665,trailing_stop,149277.90470359364
BTCUSDT,2023-06-08,2023-06-08T07:28:00+00:00,2023-06-08T09:36:00+00:00,long,26495.01,26391.45495,0.5634189407876942,,74.63895235179682,-58.34487658421616,-0.000390847370882287,trailing_stop,149219.55982700942
BTCUSDT,2023-06-09,2023-06-09T07:15:00+00:00,2023-06-09T08:19:00+00:00,short,26477.26,26572.7663,0.5635762908511281,,74.60977991350471,-53.825086306915615,-0.0003607106626592061,trailing_stop,149165.7347407025
BTCUSDT,2023-06-12,2023-06-12T07:33:00+00:00,2023-06-12T08:26:00+00:00,short,25825.14,25902.3257,0.5775989394082762,,74.58286737035125,-44.582378457486435,-0.0002988781474176009,trailing_stop,149121.15236224502
BTCUSDT,2023-06-13,2023-06-13T07:36:00+00:00,2023-06-13T09:14:00+00:00,long,26113.91,26141.68045,0.5710410748993354,,74.56057618112251,15.85806761843824,0.00010634351577377723,trailing_stop,149137.01042986347
BTCUSDT,2023-06-14,2023-06-14T07:28:00+00:00,2023-06-14T11:32:00+00:00,short,25880.5,26001.4225,0.5762524310962441,,74.56850521493173,-69.68188459923591,-0.00046723401788991933,trailing_stop,149067.32854526423
BTCUSDT,2023-06-15,2023-06-15T07:04:00+00:00,2023-06-15T07:24:00+00:00,short,24906.0,24996.879999999997,0.5985197484351732,,74.53366427263212,-54.393474737786974,-0.0003648919938970424,trailing_stop,149012.93507052644
BTCUSDT,2023-06-16,2023-06-16T07:37:00+00:00,2023-06-16T13:03:00+00:00,short,25566.82,25589.8641,0.5828371892575082,,74.50646753526323,-13.430958472968456,-9.013283623070512e-05,trailing_stop,148999.50411205346
BTCUSDT,2023-06-19,2023-06-19T07:15:00+00:00,2023-06-19T12:22:00+00:00,short,26403.73,26496.418650000003,0.56431233053835,,74.49975205602674,-52.305348095955516,-0.0003510437729820889,trailing_stop,148947.1987639575
BTCUSDT,2023-06-20,2023-06-20T07:48:00+00:00,2023-06-20T09:33:00+00:00,long,26828.13,26705.85935,0.5551903869705325,,74.47359938197876,-67.88348948863975,-0.0004557553955493812,trailing_stop,148879.31527446886
BTCUSDT,2023-06-21,2023-06-21T07:29:00+00:00,2023-06-21T10:31:00+00:00,long,28886.16,29053.41,0.5154001614422576,,74.43965763723443,86.20067700121758,0.0005789970006397527,trailing_stop,148965.51595147006
BTCUSDT,2023-06-22,2023-06-22T07:07:00+00:00,2023-06-22T07:38:00+00:00,long,30190.0,30039.05,0.49342668417181207,,74.48275797573504,-74.4827579757354,-0.0005000000000000024,trailing_stop,148891.03319349434
BTCUSDT,2023-06-23,2023-06-23T07:10:00+00:00,2023-06-23T09:53:00+00:00,short,29974.28,30054.1614,0.4967293065704809,,74.44551659674717,-39.67943242988022,-0.00026649981250592854,trailing_stop,148851.35376106447
BTCUSDT,2023-06-26,2023-06-26T07:00:00+00:00,2023-06-26T07:26:00+00:00,long,30486.23,30427.56885,0.48825766177406804,,74.42567688053224,-28.641755935977827,-0.00019241851157063338,trailing_stop,148822.7120051285
BTCUSDT,2023-06-27,2023-06-27T07:04:00+00:00,2023-06-27T10:29:00+00:00,long,30322.0,30553.739999999998,0.4908077039942236,,74.41135600256425,113.73977732362037,0.0007642635710045443,trailing_stop,148936.45178245212
BTCUSDT,2023-06-28,2023-06-28T07:00:00+00:00,2023-06-28T09:26:00+00:00,short,30343.58,30302.6979,0.49083348695985146,,74.46822589122606,20.06630369724259,0.0001347306415393389,trailing_stop,148956.51808614936
BTCUSDT,2023-06-29,2023-06-29T07:00:00+00:00,2023-06-29T11:22:00+00:00,long,30242.0,30598.79,0.4925485023680622,,74.47825904307469,175.73638015990133,0.0011797830831294257,trailing_stop,149132.25446630927
BTCUSDT,2023-06-30,2023-06-30T07:06:00+00:00,2023-06-30T09:19:00+00:00,long,30721.63,30753.19185,0.48543080059980304,,74.56612723315463,15.321094113910034,0.00010273494602987611,trailing_stop,149147.57556042317
BTCUSDT,2023-07-03,2023-07-03T07:17:00+00:00,2023-07-03T08:32:00+00:00,long,30665.19,30606.47405,0.4863742098464845,,74.57378778021159,-28.557923786634706,-0.00019147427425037308,trailing_stop,149119.01763663653
BTCUSDT,2023-07-04,2023-07-04T07:42:00+00:00,2023-07-04T09:16:00+00:00,short,30983.99,31022.59995,0.48127764576685095,,74.55950881831826,-18.582105839174965,-0.0001246125821754984,trailing_stop,149100.43553079735
BTCUSDT,2023-07-05,2023-07-05T07:31:00+00:00,2023-07-05T08:55:00+00:00,short,30773.94,30804.3397,0.4845022624038305,,74.55021776539867,-14.728723426398577,-9.878390612317357e-05,trailing_stop,149085.70680737094
BTCUSDT,2023-07-06,2023-07-06T07:07:00+00:00,2023-07-06T08:54:00+00:00,long,30730.0,31146.35,0.48514710968880875,,74.54285340368547,201.9909991189348,0.001354864952814834,trailing_stop,149287.6978064899
BTCUSDT,2023-07-07,2023-07-07T07:11:00+00:00,2023-07-07T08:11:00+00:00,short,30100.0,30081.03,0.49597241796176045,,74.64384890324494,9.408596768735173,6.302325581395736e-05,trailing_stop,149297.10640325863
BTCUSDT,2023-07-10,2023-07-10T07:03:00+00:00,2023-07-10T14:59:00+00:00,long,30119.99,30310.03,0.49567448861456664,,74.64855320162931,94.19797981631088,0.0006309431045627745,session_close,149391.30438307495
BTCUSDT,2023-07-11,2023-07-11T07:56:00+00:00,2023-07-11T13:59:00+00:00,short,30542.77,30452.71385,0.4891216624526032,,74.69565219153748,44.04841380208117,0.00029485259522957593,trailing_stop,149435.35279687704
BTCUSDT,2023-07-12,2023-07-12T07:27:00+00:00,2023-07-12T08:39:00+00:00,long,30788.87,30695.065649999997,0.4853551065592113,,74.71767639843851,-45.5284202899686,-0.0003046696744635388,trailing_stop,149389.82437658706
BTCUSDT,2023-07-13,2023-07-13T07:02:00+00:00,2023-07-13T12:34:00+00:00,long,30400.0,30485.06,0.4914138959756153,,74.69491218829353,41.79966599168648,0.0002798026315789517,trailing_stop,149431.62404257874
BTCUSDT,2023-07-14,2023-07-14T07:18:00+00:00,2023-07-14T08:23:00+00:00,short,31282.62,31231.6631,0.4776825727595027,,74.71581202128937,24.341223091847464,0.00016289204676589558,trailing_stop,149455.9652656706
BTCUSDT,2023-07-17,2023-07-17T07:24:00+00:00,2023-07-17T09:55:00+00:00,long,30278.97,30176.60515,0.49359659613808055,,74.72798263283529,-50.52694152418606,-0.0003380724311295983,trailing_stop,149405.4383241464
BTCUSDT,2023-07-18,2023-07-18T07:49:00+00:00,2023-07-18T08:26:00+00:00,short,29950.86,30030.7543,0.49883521983724816,,74.70271916207321,-39.85409070424302,-0.00026675127191673275,trailing_stop,149365.58423344218
BTCUSDT,2023-07-19,2023-07-19T07:44:00+00:00,2023-07-19T09:46:00+00:00,short,30000.0,30017.17,0.4978852807781406,,74.68279211672109,-8.548690270959804,-5.723333333332751e-05,trailing_stop,149357.03554317122
BTCUSDT,2023-07-20,2023-07-20T07:27:00+00:00,2023-07-20T11:02:00+00:00,long,30197.36,30266.4732,0.4946029571564243,,74.67851777158562,34.18359309854328,0.00022887166295331704,trailing_stop,149391.21913626976
BTCUSDT,2023-07-21,2023-07-21T07:00:00+00:00,2023-07-21T14:59:00+00:00,long,29856.48,29881.07,0.500364474098319,,74.69560956813488,12.303962418077736,8.236068016055526e-05,session_close,149403.52309868785
BTCUSDT,2023-07-24,2023-07-24T07:09:00+00:00,2023-07-24T09:52:00+00:00,short,29765.0,29148.825,0.5019436354735018,,74.70176154934393,309.28511958788465,0.002070132706198553,trailing_stop,149712.80821827572
BTCUSDT,2023-07-25,2023-07-25T07:00:00+00:00,2023-07-25T11:42:00+00:00,long,29147.66,29136.2617,0.513635771167482,,74.85640410913786,-5.854574610498693,-3.910536900732595e-05,trailing_stop,149706.9536436652
BTCUSDT,2023-07-26,2023-07-26T08:38:00+00:00,2023-07-26T14:09:00+00:00,long,29233.04,29207.8348,0.5121155844334534,,74.8534768218326,-12.90797572876225,-8.622161773117107e-05,trailing_stop,149694.04566793644
BTCUSDT,2023-07-27,2023-07-27T07:33:00+00:00,2023-07-27T14:04:00+00:00,long,29448.91,29420.245450000002,0.5083177804133886,,74.84702283396823,-14.570700432547424,-9.733653979042922e-05,trailing_stop,149679.4749675039
BTCUSDT,2023-07-28,2023-07-28T07:08:00+00:00,2023-07-28T12:10:00+00:00,short,29183.0,29269.035,0.5128995475705167,,74.83973748375195,-44.12731257522933,-0.00029481204811020065,trailing_stop,149635.34765492866
BTCUSDT,2023-07-31,2023-07-31T07:13:00+00:00,2023-07-31T14:59:00+00:00,short,29384.99,29302.45,0.5092237487742165,,74.81767382746433,42.031328223824275,0.00028089170695651375,session_close,149677.37898315248
BTCUSDT,2023-08-01,2023-08-01T07:09:00+00:00,2023-08-01T12:35:00+00:00,short,28910.0,28898.29,0.517735658883267,,74.83868949157625,6.062684565522605,4.050501556554524e-05,trailing_stop,149683.441667718
BTCUSDT,2023-08-02,2023-08-02T07:00:00+00:00,2023-08-02T08:37:00+00:00,short,29567.45,29526.45725,0.506244000303435,,74.841720833859,20.752333743439266,0.00013864147905890174,trailing_stop,149704.19400146144
BTCUSDT,2023-08-03,2023-08-03T07:21:00+00:00,2023-08-03T08:36:00+00:00,short,29044.04,29113.2202,0.5154386028991196,,74.85209700073072,-35.65814563628109,-0.00023819069247941704,trailing_stop,149668.53585582515
BTCUSDT,2023-08-04,2023-08-04T07:01:00+00:00,2023-08-04T13:37:00+00:00,short,29183.05,29275.91525,0.5128611843375698,,74.83426792791258,-47.62698209880395,-0.00031821639616146677,trailing_stop,149620.90887372635
BTCUSDT,2023-08-07,2023-08-07T08:30:00+00:00,2023-08-07T14:59:00+00:00,short,29064.3,29023.99,0.5147927487458028,,74.81045443686318,20.751295701942112,0.00013869248528262395,session_close,149641.6601694283
BTCUSDT,2023-08-08,2023-08-08T07:06:00+00:00,2023-08-08T10:50:00+00:00,short,29222.33,29317.58165,0.5120798381560548,,74.82083008471415,-48.77644951609633,-0.00032595501453853374,trailing_stop,149592.8837199122
BTCUSDT,2023-08-09,2023-08-09T07:02:00+00:00,2023-08-09T13:03:00+00:00,long,29740.15,30011.29925,0.5029997620049401,,74.7964418599561,136.3880082178173,0.0009117279166379408,trailing_stop,149729.27172813003
BTCUSDT,2023-08-10,2023-08-10T07:18:00+00:00,2023-08-10T14:17:00+00:00,long,29567.69,29590.16155,0.5063948916135486,,74.86463586406502,11.379478126639462,7.600035714660843e-05,trailing_stop,149740.65120625668
BTCUSDT,2023-08-11,2023-08-11T07:01:00+00:00,2023-08-11T14:59:00+00:00,long,29473.73,29495.44,0.5080478487326059,,74.87032560312834,11.02971879598443,7.365881413719649e-05,session_close,149751.68092505267
BTCUSDT,2023-08-14,2023-08-14T07:10:00+00:00,2023-08-14T14:39:00+00:00,short,29411.0,29479.665,0.5091689535379711,,74.87584046252634,-34.96208619468523,-0.0002334670701438267,trailing_stop,149716.71883885798
BTCUSDT,2023-08-15,2023-08-15T07:30:00+00:00,2023-08-15T14:59:00+00:00,short,29358.49,29455.76,0.5099605560056324,,74.858359419429,-49.60386328266623,-0.000331318129781187,session_close,149667.11497557533
BTCUSDT,2023-08-16,2023-08-16T07:06:00+00:00,2023-08-16T12:40:00+00:00,long,29195.87,29070.480649999998,0.5126311186327906,,74.83355748778767,-64.27848275513917,-0.00042947632661743354,trailing_stop,149602.83649282018
BTCUSDT,2023-08-17,2023-08-17T07:10:00+00:00,2023-08-17T14:59:00+00:00,short,28655.92,28394.34,0.5220660739310419,,74.8014182464101,136.56204361888095,0.0009128305774164576,session_close,149739.39853643905
BTCUSDT,2023-08-18,2023-08-18T07:02:00+00:00,2023-08-18T08:51:00+00:00,short,26475.53,26553.337649999998,0.5655765853844629,,74.86969926821953,-44.006185003788744,-0.0002938851460197354,trailing_stop,149695.39235143526
BTCUSDT,2023-08-21,2023-08-21T07:00:00+00:00,2023-08-21T11:52:00+00:00,short,26030.41,26010.35205,0.5750788879292922,,74.84769617571763,11.534903580140499,7.705583584737439e-05,trailing_stop,149706.9272550154
BTCUSDT,2023-08-22,2023-08-22T07:20:00+00:00,2023-08-22T13:36:00+00:00,long,26093.94,25986.810299999997,0.573722968838801,,74.85346362750771,-61.46276953481086,-0.0004105539447090065,trailing_stop,149645.4644854806
BTCUSDT,2023-08-23,2023-08-23T07:02:00+00:00,2023-08-23T13:48:00+00:00,short,26038.31,25943.01155,0.5747126617874992,,74.8227322427403,54.76922586372409,0.00036599322306248776,trailing_stop,149700.2337113443
BTCUSDT,2023-08-24,2023-08-24T08:20:00+00:00,2023-08-24T09:09:00+00:00,short,26462.48,26557.342399999998,0.5657074987353579,,74.85011685567216,-53.66437102803197,-0.0003584788727284751,trailing_stop,149646.5693403163
BTCUSDT,2023-08-25,2023-08-25T07:24:00+00:00,2023-08-25T13:50:00+00:00,long,26057.29,26107.63355,0.5742982840514739,,74.82328467015815,28.9122143780583,0.00019320332237158117,trailing_stop,149675.48155469436
BTCUSDT,2023-08-28,2023-08-28T07:15:00+00:00,2023-08-28T11:53:00+00:00,short,25926.37,25994.13185,0.5773098260755145,,74.83774077734718,-39.119581838056604,-0.0002613626589453233,trailing_stop,149636.3619728563
BTCUSDT,2023-08-29,2023-08-29T07:00:00+00:00,2023-08-29T13:00:00+00:00,short,26005.0,26052.025,0.5754138126239428,,74.81818098642816,-27.058834538641744,-0.00018083060949817902,trailing_stop,149609.30313831766
BTCUSDT,2023-08-30,2023-08-30T07:21:00+00:00,2023-08-30T09:24:00+00:00,long,27444.66,27361.7767,0.545130831055359,,74.80465156915884,-45.18224220961136,-0.0003020015551294909,trailing_stop,149564.12089610804
BTCUSDT,2023-08-31,2023-08-31T07:29:00+00:00,2023-08-31T11:43:00+00:00,long,27290.95,27451.055249999998,0.5480355975006661,,74.78206044805403,87.74337634674181,0.000586660596278242,trailing_stop,149651.86427245478
BTCUSDT,2023-09-01,2023-09-01T08:28:00+00:00,2023-09-01T12:07:00+00:00,short,25980.0,26087.27,0.576027191194976,,74.8259321362274,-61.79043679948533,-0.0004128945342571225,trailing_stop,149590.0738356553
BTCUSDT,2023-09-04,2023-09-04T07:15:00+00:00,2023-09-04T10:38:00+00:00,long,25992.25,25881.27875,0.5755179864600228,,74.79503691782764,-63.86595035495105,-0.0004269397608902603,trailing_stop,149526.20788530033
BTCUSDT,2023-09-05,2023-09-05T07:28:00+00:00,2023-09-05T08:36:00+00:00,long,25714.99,25683.51505,0.5814748824918863,,74.76310394265016,-18.301892852687885,-0.00012239923095439589,trailing_stop,149507.90599244763
BTCUSDT,2023-09-06,2023-09-06T07:25:00+00:00,2023-09-06T14:59:00+00:00,short,25764.0,25615.93,0.5802977254791478,,74.75395299622382,85.92468421169725,0.0005747166589038958,session_close,149593.83067665933
BTCUSDT,2023-09-07,2023-09-07T07:00:00+00:00,2023-09-07T13:42:00+00:00,short,25761.86,25765.4793,0.5806794644356399,,74.79691533832967,-2.101653185631026,-1.4049063227571593e-05,trailing_stop,149591.7290234737
BTCUSDT,2023-09-08,2023-09-08T07:13:00+00:00,2023-09-08T09:04:00+00:00,long,26257.79,26157.841050000003,0.5697041869230949,,74.79586451173685,-56.94133529356601,-0.00038064494384332486,trailing_stop,149534.78768818013
BTCUSDT,2023-09-11,2023-09-11T07:12:00+00:00,2023-09-11T10:23:00+00:00,short,25820.0,25706.399999999998,0.5791432520843538,,74.76739384409007,65.79067343678386,0.00043996901626646866,trailing_stop,149600.5783616169
BTCUSDT,2023-09-12,2023-09-12T07:43:00+00:00,2023-09-12T08:55:00+00:00,long,25817.37,25745.903150000002,0.5794570801038871,,74.80028918080845,-41.41197222522078,-0.00027681692596882276,trailing_stop,149559.1663893917
BTCUSDT,2023-09-13,2023-09-13T07:02:00+00:00,2023-09-13T07:43:00+00:00,long,25995.0,25979.965,0.5753382049986216,,74.77958319469585,-8.650209912154192,-5.783804577803368e-05,trailing_stop,149550.51617947954
BTCUSDT,2023-09-14,2023-09-14T07:00:00+00:00,2023-09-14T12:17:00+00:00,long,26295.0,26461.475000000002,0.568741267083018,,74.77525808973978,94.68120243764666,0.0006331051530709345,trailing_stop,149645.19738191718
BTCUSDT,2023-09-15,2023-09-15T07:15:00+00:00,2023-09-15T09:00:00+00:00,short,26564.28,26673.4314,0.5633324049509989,,74.8225986909586,-61.488520665769855,-0.0004108953828223558,trailing_stop,149583.70886125142
BTCUSDT,2023-09-18,2023-09-18T07:26:00+00:00,2023-09-18T09:51:00+00:00,long,26699.07,26812.05465,0.5602581245760673,,74.7918544306257,63.30056811488252,0.0004231782230616965,trailing_stop,149647.0094293663
BTCUSDT,2023-09-19,2023-09-19T07:13:00+00:00,2023-09-19T09:44:00+00:00,long,26830.0,27331.85,0.5577600053274927,,74.82350471468315,279.9118586736014,0.0018704808050689472,trailing_stop,149926.9212880399
BTCUSDT,2023-09-20,2023-09-20T07:01:00+00:00,2023-09-20T09:32:00+00:00,long,27075.39,27062.28305,0.5537387320664261,,74.96346064401996,-7.257825874258727,-4.840909032151055e-05,trailing_stop,149919.66346216566
BTCUSDT,2023-09-21,2023-09-21T07:32:00+00:00,2023-09-21T11:15:00+00:00,short,27012.77,26753.96385,0.5549955204970303,,74.95983173108283,143.6362539270827,0.0009580881560832167,trailing_stop,150063.29971609273
BTCUSDT,2023-09-22,2023-09-22T07:24:00+00:00,2023-09-22T08:04:00+00:00,short,26601.5,26706.9375,0.564115932244771,,75.03164985804636,-59.47897360605804,-0.0003963592278630905,trailing_stop,150003.82074248669
BTCUSDT,2023-09-25,2023-09-25T07:45:00+00:00,2023-09-25T09:23:00+00:00,long,26170.01,26102.57995,0.5731897723481447,,75.00191037124334,-38.65021500892346,-0.0002576615370036123,trailing_stop,149965.17052747775
BTCUSDT,2023-09-26,2023-09-26T07:36:00+00:00,2023-09-26T14:59:00+00:00,short,26270.32,26196.39,0.5708539923665862,,74.98258526373887,42.203235655661885,0.00028142024916331547,session_close,150007.37376313342
BTCUSDT,2023-09-27,2023-09-27T08:04:00+00:00,2023-09-27T09:41:00+00:00,short,26242.93,26354.934650000003,0.5716106157473019,,75.00368688156671,-64.02304695306252,-0.00042679933223920723,trailing_stop,149943.35071618037
BTCUSDT,2023-09-28,2023-09-28T07:08:00+00:00,2023-09-28T11:14:00+00:00,long,26485.91,26491.41045,0.566124972546461,,74.97167535809018,3.1139421052429244,2.076745711210053e-05,trailing_stop,149946.4646582856
BTCUSDT,2023-09-29,2023-09-29T07:33:00+00:00,2023-09-29T08:19:00+00:00,long,27078.38,27109.4981,0.5537497614638895,,74.9732323291428,17.231640452209287,0.00011491861773119248,trailing_stop,149963.6962987378
BTCUSDT,2023-10-02,2023-10-02T07:00:00+00:00,2023-10-02T07:52:00+00:00,long,28103.83,28289.48085,0.53360590459997,,74.9818481493689,99.06438975400238,0.000660589143899597,trailing_stop,150062.7606884918
BTCUSDT,2023-10-03,2023-10-03T07:24:00+00:00,2023-10-03T13:22:00+00:00,short,27575.47,27525.87735,0.5441893127786827,,75.0313803442459,26.987790122375,0.00017984335353124468,trailing_stop,150089.74847861417
BTCUSDT,2023-10-04,2023-10-04T07:00:00+00:00,2023-10-04T13:20:00+00:00,long,27419.99,27505.99005,0.5473734617649904,,75.04487423930709,47.07414508046157,0.0003136399757986737,trailing_stop,150136.82262369464
BTCUSDT,2023-10-05,2023-10-05T07:14:00+00:00,2023-10-05T09:17:00+00:00,short,27609.7,27688.8185,0.543782882913232,,75.06841131184731,-43.023286021770815,-0.00028656052039681884,trailing_stop,150093.79933767286
BTCUSDT,2023-10-06,2023-10-06T07:11:00+00:00,2023-10-06T11:01:00+00:00,long,27519.4,27663.403,0.5454108713768209,,75.04689966883643,78.54080171087469,0.0005232781237962927,trailing_stop,150172.34013938374
BTCUSDT,2023-10-09,2023-10-09T07:20:00+00:00,2023-10-09T10:02:00+00:00,short,27864.79,27574.32395,0.5389322515597058,,75.08617006969187,156.5415223281536,0.0010424124854341236,trailing_stop,150328.8816617119
BTCUSDT,2023-10-10,2023-10-10T07:00:00+00:00,2023-10-10T11:01:00+00:00,long,27657.83,27596.71085,0.543531006090181,,75.16444083085595,-33.220153090877915,-0.00022098317185405457,trailing_stop,150295.66150862104
BTCUSDT,2023-10-11,2023-10-11T07:20:00+00:00,2023-10-11T09:18:00+00:00,short,27051.0,27152.255,0.5556011293801377,,75.14783075431052,-56.257392355386415,-0.00037431148571217713,trailing_stop,150239.40411626565
BTCUSDT,2023-10-12,2023-10-12T07:06:00+00:00,2023-10-12T11:47:00+00:00,short,26838.01,26789.79005,0.5598008351448773,,75.11970205813283,26.99356828064355,0.0001796703630410705,trailing_stop,150266.3976845463
BTCUSDT,2023-10-13,2023-10-13T07:11:00+00:00,2023-10-13T08:38:00+00:00,long,26860.0,26808.7,0.5594430293542305,,75.13319884227316,-28.699427405871617,-0.00019099032017870168,trailing_stop,150237.69825714044
BTCUSDT,2023-10-16,2023-10-16T07:32:00+00:00,2023-10-16T09:06:00+00:00,long,27913.23,27780.43385,0.5382311479436112,,75.11884912857022,-71.47502425699106,-0.0004757462679883278,trailing_stop,150166.22323288344
BTCUSDT,2023-10-17,2023-10-17T07:02:00+00:00,2023-10-17T08:34:00+00:00,long,28242.29,28378.78855,0.5317069658051222,,75.08311161644173,72.5772298572989,0.00048331261381424906,trailing_stop,150238.80046274074
BTCUSDT,2023-10-18,2023-10-18T07:02:00+00:00,2023-10-18T10:07:00+00:00,short,28621.03,28379.51515,0.5249245064302044,,75.11940023137036,126.77706343181463,0.0008438370317210791,trailing_stop,150365.57752617254
BTCUSDT,2023-10-19,2023-10-19T07:14:00+00:00,2023-10-19T09:30:00+00:00,short,28275.08,28384.0454,0.5317954096899903,,75.18278876308626,-57.94729953503224,-0.0003853760979632853,trailing_stop,150307.6302266375
BTCUSDT,2023-10-20,2023-10-20T07:00:00+00:00,2023-10-20T07:51:00+00:00,long,29289.93,29253.55035,0.5131716949362376,,75.15381511331876,-18.669006651686555,-0.00012420531561529492,trailing_stop,150288.96121998582
BTCUSDT,2023-10-23,2023-10-23T07:00:00+00:00,2023-10-23T08:46:00+00:00,short,30671.64,30580.1782,0.489993235510021,,75.14448060999291,44.8156633075709,0.00029819664028399176,trailing_stop,150333.7768832934
BTCUSDT,2023-10-24,2023-10-24T07:13:00+00:00,2023-10-24T07:19:00+00:00,short,33802.76,33954.1138,0.4447381719223324,,75.1668884416467,-67.31281232549703,-0.0004477557453888296,trailing_stop,150266.46407096792
BTCUSDT,2023-10-25,2023-10-25T07:03:00+00:00,2023-10-25T07:22:00+00:00,long,34181.52,34029.072400000005,0.43961317130124095,,75.13323203548396,-67.01797289325964,-0.0004459942097367005,trailing_stop,150199.44609807467
BTCUSDT,2023-10-26,2023-10-26T07:13:00+00:00,2023-10-26T08:10:00+00:00,long,34640.0,34611.41,0.4336011723385527,,75.09972304903734,-12.396657517157708,-8.253464203232248e-05,trailing_stop,150187.04944055752
BTCUSDT,2023-10-27,2023-10-27T07:33:00+00:00,2023-10-27T08:46:00+00:00,short,34101.07,34092.345349999996,0.4404174104817167,,75.09352472027877,3.84248776036096,2.5584681067203317e-05,trailing_stop,150190.89192831787
BTCUSDT,2023-10-30,2023-10-30T08:36:00+00:00,2023-10-30T10:07:00+00:00,long,34272.78,34508.4461,0.4382220874067347,,75.09544596415894,103.27409027300524,0.0006876188625492365,trailing_stop,150294.16601859088
BTCUSDT,2023-10-31,2023-10-31T08:04:00+00:00,2023-10-31T08:13:00+00:00,short,34082.89,34195.41445,0.4409666140946114,,75.14708300929544,-49.61952571935714,-0.00033014937993813663,trailing_stop,150244.54649287154
BTCUSDT,2023-11-01,2023-11-01T08:10:00+00:00,2023-11-01T12:49:00+00:00,short,34425.8,34517.129,0.4364300800355301,,75.12227324643577,-39.85872277956401,-0.00026529230983738327,trailing_stop,150204.687770092
BTCUSDT,2023-11-02,2023-11-02T08:01:00+00:00,2023-11-02T08:36:00+00:00,short,35212.0,35271.06,0.4265724405602976,,75.102343885046,-25.19336833949018,-0.00016772691128023876,trailing_stop,150179.49440175248
BTCUSDT,2023-11-03,2023-11-03T08:06:00+00:00,2023-11-03T08:40:00+00:00,long,34505.88,34453.5906,0.43522870421433246,,75.08974720087625,-22.757847806142394,-0.00015153765097425197,trailing_stop,150156.73655394634
BTCUSDT,2023-11-06,2023-11-06T08:02:00+00:00,2023-11-06T11:11:00+00:00,long,34922.54,35101.717300000004,0.429970834177429,,75.07836827697317,77.04101314666075,0.0005130706414825582,trailing_stop,150233.777567093
BTCUSDT,2023-11-07,2023-11-07T08:04:00+00:00,2023-11-07T09:38:00+00:00,long,34943.82,34801.1809,0.4299294626835103,,75.1168887835465,-61.32475162065963,-0.00040819549780190124,trailing_stop,150172.45281547235
BTCUSDT,2023-11-08,2023-11-08T08:02:00+00:00,2023-11-08T10:18:00+00:00,short,35209.18,35361.995899999994,0.4265150532204168,,75.08622640773618,-65.17828172142339,-0.00043402288834898774,trailing_stop,150107.27453375093
BTCUSDT,2023-11-09,2023-11-09T08:53:00+00:00,2023-11-09T10:26:00+00:00,long,36671.66,36806.6417,0.4093277330062259,,75.05363726687547,55.2517532583251,0.00036808178304444534,trailing_stop,150162.52628700924
BTCUSDT,2023-11-10,2023-11-10T08:00:00+00:00,2023-11-10T08:50:00+00:00,short,36427.61,36506.84805,0.41222173589485905,,75.08126314350463,-32.66364651992361,-0.00021752195655987298,trailing_stop,150129.86264048933
BTCUSDT,2023-11-13,2023-11-13T08:04:00+00:00,2023-11-13T12:38:00+00:00,short,36937.27,36818.696350000006,0.4064454753707823,,75.06493132024467,48.193723540695174,0.00032101357247027516,trailing_stop,150178.05636403002
BTCUSDT,2023-11-14,2023-11-14T08:13:00+00:00,2023-11-14T09:35:00+00:00,long,36714.11,36560.42945,0.4090472474044176,,75.08902818201501,-62.86260595709587,-0.0004185871589969015,trailing_stop,150115.19375807294
BTCUSDT,2023-11-15,2023-11-15T08:11:00+00:00,2023-11-15T09:53:00+00:00,long,35661.04,35771.6948,0.4209501286504065,,75.05759687903647,46.58015229578357,0.0003102960541812482,trailing_stop,150161.77391036873
BTCUSDT,2023-11-16,2023-11-16T08:06:00+00:00,2023-11-16T08:48:00+00:00,short,37430.0,37368.33,0.40118026692591163,,75.08088695518437,24.74078706132027,0.00016476088698904153,trailing_stop,150186.51469743004
BTCUSDT,2023-11-17,2023-11-17T08:14:00+00:00,2023-11-17T08:26:00+00:00,short,36211.1,36345.535500000005,0.4147526993033353,,75.09325734871503,-55.75748650719638,-0.00037125494668763687,trailing_stop,150130.75721092283
BTCUSDT,2023-11-20,2023-11-20T08:38:00+00:00,2023-11-20T09:31:00+00:00,short,37144.69,37246.823449999996,0.40417824784894646,,75.06537860546142,-41.280118867765516,-0.0002749611048039273,trailing_stop,150089.47709205508
BTCUSDT,2023-11-21,2023-11-21T08:21:00+00:00,2023-11-21T11:24:00+00:00,long,37316.99,37231.41505,0.4022014559375102,,75.04473854602755,-34.41836948177752,-0.00022931900456064311,trailing_stop,150055.0587225733
BTCUSDT,2023-11-22,2023-11-22T08:10:00+00:00,2023-11-22T09:37:00+00:00,short,36436.0,36573.21,0.4118318660735901,,75.02752936128665,-56.50745034395694,-0.0003765781095619693,trailing_stop,149998.55127222935
BTCUSDT,2023-11-23,2023-11-23T08:00:00+00:00,2023-11-23T10:25:00+00:00,long,37369.22,37466.5939,0.4013959918677172,,74.99927563611467,39.08549317252738,0.0002605724711406839,trailing_stop,150037.63676540187
BTCUSDT,2023-11-24,2023-11-24T08:01:00+00:00,2023-11-24T10:37:00+00:00,long,37567.99,37800.16005,0.3993762689071252,,75.01881838270094,92.72320832098094,0.0006179996587520404,trailing_stop,150130.35997372284
BTCUSDT,2023-11-27,2023-11-27T08:11:00+00:00,2023-11-27T10:22:00+00:00,long,37339.64,37279.3018,0.40206697218752735,,75.06517998686142,-24.259997381244787,-0.00016159288091689776,trailing_stop,150106.0999763416
BTCUSDT,2023-11-28,2023-11-28T08:42:00+00:00,2023-11-28T09:43:00+00:00,short,36988.53,37116.042649999996,0.4058179656675775,,75.0530499881708,-51.74692421988058,-0.00034473565183584467,trailing_stop,150054.3530521217
BTCUSDT,2023-11-29,2023-11-29T08:09:00+00:00,2023-11-29T09:30:00+00:00,long,38157.23,38179.21385,0.39325274149125,,75.02717652606086,8.645209281031194,5.7613851948888564e-05,trailing_stop,150062.99826140274
BTCUSDT,2023-11-30,2023-11-30T08:04:00+00:00,2023-11-30T10:28:00+00:00,short,37767.11,37742.43555,0.3973377848117125,,75.03149913070138,9.804091304446809,6.533316952236646e-05,trailing_stop,150072.8023527072
BTCUSDT,2023-12-01,2023-12-01T08:20:00+00:00,2023-12-01T10:12:00+00:00,long,38348.0,38641.26,0.39134453518490453,,75.03640117635359,114.7656983883259,0.0007647334932721447,trailing_stop,150187.56805109553
BTCUSDT,2023-12-04,2023-12-04T08:26:00+00:00,2023-12-04T09:54:00+00:00,long,41545.45,41592.27275,0.36150184448861555,,75.09378402554776,16.92651048902909,0.00011270247403746826,trailing_stop,150204.49456158455
BTCUSDT,2023-12-05,2023-12-05T08:45:00+00:00,2023-12-05T09:07:00+00:00,short,41424.77,41627.12385,0.3625958443742344,,75.10224728079227,-73.37266510312963,-0.0004884851503098431,trailing_stop,150131.12189648143
BTCUSDT,2023-12-06,2023-12-06T08:02:00+00:00,2023-12-06T10:47:00+00:00,long,43724.63,44078.58685,0.3433559572636325,,75.06556094824072,121.53319306177077,0.0008095136539748931,trailing_stop,150252.6550895432
BTCUSDT,2023-12-07,2023-12-07T08:02:00+00:00,2023-12-07T08:04:00+00:00,short,43871.88,43827.76,0.34248054810859074,,75.1263275447716,15.110241782549428,0.00010056555588681256,trailing_stop,150267.76533132576
BTCUSDT,2023-12-08,2023-12-08T08:09:00+00:00,2023-12-08T10:49:00+00:00,short,43117.38,43296.6869,0.3485085720220611,,75.13388266566288,-62.48999167270363,-0.00041585759617120344,trailing_stop,150205.27533965305
BTCUSDT,2023-12-11,2023-12-11T08:08:00+00:00,2023-12-11T08:40:00+00:00,short,42091.11,42185.89555,0.3568574821135699,,75.10263766982652,-33.824932713750066,-0.00022519137651632495,trailing_stop,150171.4504069393
BTCUSDT,2023-12-12,2023-12-12T08:47:00+00:00,2023-12-12T09:05:00+00:00,long,42068.91,41893.77545,0.3569653941757447,,75.08572520346965,-62.516973674542555,-0.00041630398790936697,trailing_stop,150108.93343326476
BTCUSDT,2023-12-13,2023-12-13T08:31:00+00:00,2023-12-13T09:40:00+00:00,long,41230.07,41073.84965,0.36407634872622036,,75.05446671663238,-56.876134624733375,-0.0003788990656576698,trailing_stop,150052.05729864002
BTCUSDT,2023-12-14,2023-12-14T08:12:00+00:00,2023-12-14T08:54:00+00:00,long,42919.06,42785.4047,0.34961636461432294,,75.02602864932001,-46.728080097436205,-0.00031141245870715376,trailing_stop,150005.32921854258
BTCUSDT,2023-12-15,2023-12-15T08:00:00+00:00,2023-12-15T09:51:00+00:00,long,42705.1,42812.8045,0.3512585832103018,,75.00266460927129,37.83213007537389,0.00025220524012354456,trailing_stop,150043.16134861796
BTCUSDT,2023-12-18,2023-12-18T08:10:00+00:00,2023-12-18T08:43:00+00:00,short,41101.84,41235.5092,0.36505217612792507,,75.02158067430898,-48.796232341280266,-0.0003252146375928764,trailing_stop,149994.36511627666
BTCUSDT,2023-12-19,2023-12-19T08:06:00+00:00,2023-12-19T09:35:00+00:00,long,43119.73,42970.41135,0.34785552951346554,,74.99718255813833,-51.9413180619862,-0.00034628846238137634,trailing_stop,149942.42379821467
BTCUSDT,2023-12-20,2023-12-20T08:01:00+00:00,2023-12-20T08:46:00+00:00,long,42967.2,42783.244,0.3489695018484209,,74.97121189910735,-64.19503368202753,-0.00042813122567911884,trailing_stop,149878.22876453266
BTCUSDT,2023-12-21,2023-12-21T08:21:00+00:00,2023-12-21T08:52:00+00:00,long,43851.1,43718.4545,0.3417889830917187,,74.93911438226633,-45.33677055669213,-0.000302490701487531,trailing_stop,149832.89199397597
BTCUSDT,2023-12-22,2023-12-22T09:03:00+00:00,2023-12-22T09:43:00+00:00,short,43604.82,43681.0241,0.3436154351605533,,74.91644599698799,-26.18490498251923,-0.00017476072599314173,trailing_stop,149806.70708899345
BTCUSDT,2023-12-25,2023-12-25T08:10:00+00:00,2023-12-25T09:38:00+00:00,long,43280.96,43074.645200000006,0.34612611894235584,,74.90335354449672,-71.41094100436588,-0.0004766872084168023,trailing_stop,149735.29614798908
BTCUSDT,2023-12-26,2023-12-26T08:08:00+00:00,2023-12-26T09:46:00+00:00,short,42736.38,42398.21,0.3503696292198569,,74.86764807399454,118.4844975132784,0.000791293038858224,trailing_stop,149853.78064550235
BTCUSDT,2023-12-27,2023-12-27T08:25:00+00:00,2023-12-27T11:50:00+00:00,long,42485.0,43007.575,0.3527216209144459,,74.92689032275118,184.32350104936555,0.0012300223608332284,trailing_stop,150038.10414655172
BTCUSDT,2023-12-28,2023-12-28T08:02:00+00:00,2023-12-28T12:23:00+00:00,long,43060.22,42976.8689,0.3484378485445539,,75.01905207327586,-29.04267795782192,-0.00019356868125615674,trailing_stop,150009.0614685939
BTCUSDT,2023-12-29,2023-12-29T08:16:00+00:00,2023-12-29T13:28:00+00:00,long,42502.55,42721.48725,0.3529413210938965,,75.00453073429695,77.27200225166307,0.0005151155636544053,trailing_stop,150086.33347084557
BTCUSDT,2024-01-01,2024-01-01T08:01:00+00:00,2024-01-01T15:59:00+00:00,long,42500.0,42783.05,0.3531443140490484,,75.04316673542279,99.95749809158417,0.0006660000000000069,session_close,150186.29096893716
BTCUSDT,2024-01-02,2024-01-02T08:14:00+00:00,2024-01-02T08:43:00+00:00,long,45643.75,45624.71125,0.3290402102564692,,75.09314548446858,-6.264514303020257,-4.1711625359440685e-05,trailing_stop,150180.02645463415
BTCUSDT,2024-01-03,2024-01-03T08:56:00+00:00,2024-01-03T10:23:00+00:00,long,45175.68,45274.1216,0.33243556368079935,,75.09001322731707,32.72548878563921,0.0002179083967302723,trailing_stop,150212.75194341977
BTCUSDT,2024-01-04,2024-01-04T08:18:00+00:00,2024-01-04T08:22:00+00:00,short,42756.97,42913.61485,0.3513175792003498,,75.1063759717099,-55.03208949620084,-0.0003663609699190494,trailing_stop,150157.71985392357
BTCUSDT,2024-01-05,2024-01-05T08:15:00+00:00,2024-01-05T09:09:00+00:00,long,43875.11,44105.424450000006,0.3422389592958823,,75.07885992696178,78.82257767880533,0.000524931903304642,trailing_stop,150236.54243160237
BTCUSDT,2024-01-08,2024-01-08T08:20:00+00:00,2024-01-08T09:08:00+00:00,long,44038.85,43849.21575,0.341145471399917,,75.11827121580119,-64.69286560981818,-0.0004306067256524535,trailing_stop,150171.84956599254
BTCUSDT,2024-01-09,2024-01-09T08:04:00+00:00,2024-01-09T09:35:00+00:00,short,46735.18,46641.5759,0.321325069393105,,75.08592478299627,30.077343927978124,0.00020028616558232328,trailing_stop,150201.92690992053
BTCUSDT,2024-01-10,2024-01-10T08:28:00+00:00,2024-01-10T09:18:00+00:00,short,45734.56,45549.2028,0.32842106037517477,,75.10096345496027,60.87520817217287,0.0004052891292711651,trailing_stop,150262.8021180927
BTCUSDT,2024-01-11,2024-01-11T08:12:00+00:00,2024-01-11T11:31:00+00:00,long,46166.99,46919.16505,0.3254767142455956,,75.13140105904634,244.8154638115183,0.0016292486254789523,trailing_stop,150507.6175819042
BTCUSDT,2024-01-12,2024-01-12T08:31:00+00:00,2024-01-12T08:54:00+00:00,short,45742.49,45860.71245,0.32903241074524847,,75.2538087909521,-38.89901772770997,-0.000258452152473556,trailing_stop,150468.7185641765
BTCUSDT,2024-01-15,2024-01-15T08:40:00+00:00,2024-01-15T10:57:00+00:00,long,42764.0,42561.18,0.351858382200394,,75.23435928208825,-71.36391707788381,-0.0004742774296136931,trailing_stop,150397.3546470986
BTCUSDT,2024-01-16,2024-01-16T08:00:00+00:00,2024-01-16T09:46:00+00:00,long,42791.14,42939.704300000005,0.3514684456808082,,75.1986773235493,52.21566360465921,0.00034718472094925597,trailing_stop,150449.57031070328
BTCUSDT,2024-01-17,2024-01-17T08:05:00+00:00,2024-01-17T09:04:00+00:00,short,42619.6,42777.098,0.3530055897068562,,75.22478515535164,-55.59767436765029,-0.000369543590273019,trailing_stop,150393.97263633562
BTCUSDT,2024-01-18,2024-01-18T08:01:00+00:00,2024-01-18T09:17:00+00:00,long,42922.0,42715.39,0.3503890141100965,,75.19698631816782,-72.39387420528723,-0.00048136153953683554,trailing_stop,150321.57876213032
BTCUSDT,2024-01-19,2024-01-19T08:05:00+00:00,2024-01-19T08:53:00+00:00,short,41270.7,41349.6835,0.364233169687285,,75.16078938106516,-28.768410557996436,-0.00019137911399613307,trailing_stop,150292.81035157232
BTCUSDT,2024-01-22,2024-01-22T08:01:00+00:00,2024-01-22T09:09:00+00:00,short,40978.63,40966.763150000006,0.36675899206872536,,75.14640517578616,4.352273945027543,2.895863038854946e-05,trailing_stop,150297.16262551735
BTCUSDT,2024-01-23,2024-01-23T08:11:00+00:00,2024-01-23T08:51:00+00:00,short,39665.02,39526.3251,0.37891613977635047,,75.14858131275868,52.55373611466504,0.0003496655239301404,trailing_stop,150349.71636163202
BTCUSDT,2024-01-24,2024-01-24T08:17:00+00:00,2024-01-24T09:12:00+00:00,short,39932.0,40059.170000000006,0.3765143653251328,,75.17485818081602,-47.88133183839923,-0.0003184663928678893,trailing_stop,150301.8350297936
BTCUSDT,2024-01-25,2024-01-25T08:00:00+00:00,2024-01-25T10:06:00+00:00,long,40135.37,39977.00315,0.3744872291691682,,75.1509175148968,-59.306362848751455,-0.0003945817616730723,trailing_stop,150242.52866694485
BTCUSDT,2024-01-26,2024-01-26T08:08:00+00:00,2024-01-26T09:53:00+00:00,long,40013.86,40211.3207,0.3754762191574241,,75.12126433347242,74.14179706817687,0.0004934807589170253,trailing_stop,150316.67046401303
BTCUSDT,2024-01-29,2024-01-29T08:13:00+00:00,2024-01-29T09:24:00+00:00,short,41988.88,42171.0444,0.35799161698052684,,75.15833523200652,-65.21332811228801,-0.00043383962611053564,trailing_stop,150251.45713590074
BTCUSDT,2024-01-30,2024-01-30T08:01:00+00:00,2024-01-30T08:24:00+00:00,short,43323.82,43432.379100000006,0.3468102700452101,,75.12572856795038,-37.649410786866994,-0.00025057601107198265,trailing_stop,150213.80772511387
BTCUSDT,2024-01-31,2024-01-31T08:00:00+00:00,2024-01-31T09:09:00+00:00,long,43087.93,42875.66035,0.34862154604575774,,75.10690386255693,-74.00177356159257,-0.0004926429512858983,trailing_stop,150139.8059515523
BTCUSDT,2024-02-01,2024-02-01T08:10:00+00:00,2024-02-01T10:25:00+00:00,short,42154.6,42323.723,0.3561647031440277,,75.06990297577615,-60.23564308982725,-0.0004011970223890147,trailing_stop,150079.57030846245
BTCUSDT,2024-02-02,2024-02-02T08:00:00+00:00,2024-02-02T11:27:00+00:00,short,43086.89,43156.53445,0.3483184103295978,,75.03978515423123,-24.258444112279083,-0.00016163721726028445,trailing_stop,150055.31186435017
BTCUSDT,2024-02-05,2024-02-05T08:02:00+00:00,2024-02-05T09:12:00+00:00,long,43176.39,42979.47805,0.3475401993180768,,75.02765593217508,-68.4348183511117,-0.0004560639506915737,trailing_stop,149986.87704599905
BTCUSDT,2024-02-06,2024-02-06T08:00:00+00:00,2024-02-06T10:15:00+00:00,long,42911.1,42905.3445,0.3495293223571501,,74.99343852299953,-2.0117160148263333,-1.3412613519577221e-05,trailing_stop,149984.86532998423
BTCUSDT,2024-02-07,2024-02-07T08:01:00+00:00,2024-02-07T09:35:00+00:00,short,42900.0,43086.87,0.3496150706992639,,74.99243266499211,-65.33256826157236,-0.00043559440559441166,trailing_stop,149919.53276172266
BTCUSDT,2024-02-08,2024-02-08T08:00:00+00:00,2024-02-08T12:32:00+00:00,long,44545.99,44662.27005,0.3365500076701015,,74.95976638086132,39.134051719380196,0.0002610337092070492,trailing_stop,149958.66681344205
BTCUSDT,2024-02-09,2024-02-09T08:17:00+00:00,2024-02-09T09:16:00+00:00,long,46425.03,46517.87485,0.3230125361544022,,74.97933340672103,29.99005046737547,0.0001999887776055316,trailing_stop,149988.65686390942
BTCUSDT,2024-02-12,2024-02-12T08:14:00+00:00,2024-02-12T10:12:00+00:00,short,48161.18,47950.8159,0.31143061042920755,,74.99432843195471,65.51382007539051,0.00043679183109715937,trailing_stop,150054.17068398482
BTCUSDT,2024-02-13,2024-02-13T08:32:00+00:00,2024-02-13T10:41:00+00:00,long,50100.0,49996.5,0.2995093227225246,,75.02708534199242,-30.999214901781297,-0.0002065868263473054,trailing_stop,150023.17146908303
BTCUSDT,2024-02-14,2024-02-14T08:01:00+00:00,2024-02-14T09:11:00+00:00,long,49877.22,51128.3439,0.3007849504625218,,75.01158573454151,376.3192402839767,0.0025084074453227316,trailing_stop,150399.490709367
BTCUSDT,2024-02-15,2024-02-15T09:01:00+00:00,2024-02-15T11:37:00+00:00,long,51981.1,52238.2145,0.2893349519524731,,75.1997453546835,74.3922115037851,0.0004946307407884853,trailing_stop,150473.8829208708
BTCUSDT,2024-02-16,2024-02-16T08:00:00+00:00,2024-02-16T08:46:00+00:00,short,51700.0,51946.94,0.29105199791270947,,75.2369414604354,-71.87238036456516,-0.00047764023210832175,trailing_stop,150402.01054050622
BTCUSDT,2024-02-19,2024-02-19T08:06:00+00:00,2024-02-19T09:27:00+00:00,short,52297.4,52325.007,0.2875898429759533,,75.2010052702531,-7.939492795036088,-5.27884751440728e-05,trailing_stop,150394.0710477112
BTCUSDT,2024-02-20,2024-02-20T08:09:00+00:00,2024-02-20T10:03:00+00:00,short,51801.0,51819.005,0.2903304396589085,,75.19703552385559,-5.227399566057887,-3.4758016254507406e-05,trailing_stop,150388.84364814512
BTCUSDT,2024-02-21,2024-02-21T08:29:00+00:00,2024-02-21T09:09:00+00:00,long,51764.18,51528.2191,0.2905268539908198,,75.19442182407256,-68.55297794184192,-0.0004558381877197673,trailing_stop,150320.29067020328
BTCUSDT,2024-02-22,2024-02-22T08:07:00+00:00,2024-02-22T08:32:00+00:00,long,51910.32,51678.3384,0.28957689081901883,,75.16014533510165,-67.17651045522105,-0.0004468891734822655,trailing_stop,150253.11415974805
BTCUSDT,2024-02-23,2024-02-23T08:36:00+00:00,2024-02-23T10:23:00+00:00,short,50889.0,51084.445,0.29525656656595345,,75.12655707987402,-57.70641965248269,-0.0003840613885122516,trailing_stop,150195.40774009557
BTCUSDT,2024-02-26,2024-02-26T08:15:00+00:00,2024-02-26T10:18:00+00:00,short,51288.18,51157.880900000004,0.29284604706210193,,75.09770387004778,38.157576370748515,0.0002540528831399292,trailing_stop,150233.56531646632
BTCUSDT,2024-02-27,2024-02-27T08:10:00+00:00,2024-02-27T09:06:00+00:00,long,56257.03,56175.48484999999,0.267048518765506,,75.11678265823316,-21.776511520012438,-0.00014495103989671225,trailing_stop,150211.78880494632
BTCUSDT,2024-02-28,2024-02-28T08:02:00+00:00,2024-02-28T08:07:00+00:00,long,58379.57,58406.29215,0.25730197876576744,,75.10589440247317,6.875662071876017,4.577311891814452e-05,trailing_stop,150218.66446701818
BTCUSDT,2024-02-29,2024-02-29T08:17:00+00:00,2024-02-29T08:23:00+00:00,long,63098.78,62810.0561,0.2380690473999944,,75.1093322335091,-68.73622383461058,-0.00045757445706556804,trailing_stop,150149.92824318356
BTCUSDT,2024-03-01,2024-03-01T08:00:00+00:00,2024-03-01T08:16:00+00:00,short,61383.98,61623.5899,0.24460767816486245,,75.07496412159178,-58.61042130431385,-0.0003903459827792134,trailing_stop,150091.31782187926
BTCUSDT,2024-03-04,2024-03-04T08:07:00+00:00,2024-03-04T08:48:00+00:00,long,64300.0,65178.5,0.23342351138705952,,75.04565891093964,205.0625547535318,0.0013662519440124418,trailing_stop,150296.3803766328
BTCUSDT,2024-03-05,2024-03-05T08:00:00+00:00,2024-03-05T08:10:00+00:00,short,66100.0,65845.65,0.22737727742304506,,75.14819018831639,57.83341051255283,0.00038479576399395735,trailing_stop,150354.21378714533
BTCUSDT,2024-03-06,2024-03-06T08:00:00+00:00,2024-03-06T08:21:00+00:00,long,66761.1,67307.2945,0.22521230744721898,,75.17710689357267,123.00972365997956,0.0008181328647970116,trailing_stop,150477.2235108053
BTCUSDT,2024-03-07,2024-03-07T08:01:00+00:00,2024-03-07T08:31:00+00:00,long,66469.05,66681.65475,0.2263869026423656,,75.23861175540266,48.13093083955416,0.0003198552559424252,trailing_stop,150525.35444164486
BTCUSDT,2024-03-08,2024-03-08T08:16:00+00:00,2024-03-08T08:46:00+00:00,short,67153.74,67374.4787,0.22415036666855018,,75.26267722082243,-49.47866054293948,-0.00032870648753144903,trailing_stop,150475.87578110193
BTCUSDT,2024-03-11,2024-03-11T08:00:00+00:00,2024-03-11T08:33:00+00:00,long,71298.0,71301.51,0.21105202920292565,,75.23793789055097,0.7407926225011634,4.922999242608153e-06,trailing_stop,150476.61657372443
BTCUSDT,2024-03-12,2024-03-12T08:04:00+00:00,2024-03-12T08:31:00+00:00,short,72021.11,71748.10555,0.20893404249632427,,75.23830828686222,57.039923357987234,0.0003790617084352181,trailing_stop,150533.6564970824
BTCUSDT,2024-03-13,2024-03-13T08:10:00+00:00,2024-03-13T08:38:00+00:00,long,73182.22,73284.3389,0.2056970347402448,,75.2668282485412,21.005554920935854,0.00013954058786410316,trailing_stop,150554.66205200335
BTCUSDT,2024-03-14,2024-03-14T08:24:00+00:00,2024-03-14T09:37:00+00:00,long,73471.09,73160.75455,0.20491687553839663,,75.27733102600168,-63.59297078280204,-0.0004223912425962358,trailing_stop,150491.06908122054
BTCUSDT,2024-03-15,2024-03-15T08:16:00+00:00,2024-03-15T08:33:00+00:00,short,68130.25,67951.22125,0.22088729907966073,,75.24553454061028,39.545177045107295,0.0002627742449205715,trailing_stop,150530.61425826565
BTCUSDT,2024-03-18,2024-03-18T08:05:00+00:00,2024-03-18T08:32:00+00:00,short,68122.1,67640.6105,0.2209717760583799,,75.26530712913282,106.39558996846365,0.0007068036657707418,trailing_stop,150637.0098482341
BTCUSDT,2024-03-19,2024-03-19T08:20:00+00:00,2024-03-19T08:26:00+00:00,short,63940.3,64122.8015,0.2355900892680111,,75.31850492411705,-42.99554467654557,-0.000285424841610062,trailing_stop,150594.01430355755
BTCUSDT,2024-03-20,2024-03-20T08:22:00+00:00,2024-03-20T08:36:00+00:00,long,63198.83,62979.00585,0.238286079510582,,75.29700715177877,-52.381034885246194,-0.0003478294613998398,trailing_stop,150541.6332686723
BTCUSDT,2024-03-21,2024-03-21T08:08:00+00:00,2024-03-21T08:28:00+00:00,long,67324.0,67322.91,0.22360767819599595,,75.27081663433616,-0.24373236923285463,-1.6190363020564844e-06,trailing_stop,150541.38953630306
BTCUSDT,2024-03-22,2024-03-22T08:16:00+00:00,2024-03-22T08:40:00+00:00,long,66338.52,66031.40740000001,0.2269290745954282,,75.27069476815153,-69.69277811459433,-0.00046294762077898796,trailing_stop,150471.69675818845
BTCUSDT,2024-03-25,2024-03-25T08:41:00+00:00,2024-03-25T08:53:00+00:00,long,67159.17,66864.20415,0.22405234721958067,,75.23584837909422,-66.08779104211723,-0.0004392041325108593,trailing_stop,150405.60896714634
BTCUSDT,2024-03-26,2024-03-26T08:00:00+00:00,2024-03-26T08:02:00+00:00,short,70412.33,70620.72165,0.21360691936646087,,75.20280448357317,-44.51389837819481,-0.00029595903160711346,trailing_stop,150361.09506876813
BTCUSDT,2024-03-27,2024-03-27T08:53:00+00:00,2024-03-27T09:09:00+00:00,short,69640.0,69755.2,0.21591196879489966,,75.18054753438406,-24.873058805171812,-0.00016542217116599235,trailing_stop,150336.22200996295
BTCUSDT,2024-03-28,2024-03-28T08:05:00+00:00,2024-03-28T09:53:00+00:00,long,70469.82,70587.94089999999,0.2133341932900679,,75.16811100498147,25.19922691219249,0.0001676191311400822,trailing_stop,150361.42123687515
BTCUSDT,2024-03-29,2024-03-29T08:14:00+00:00,2024-03-29T08:53:00+00:00,short,69746.33,70060.73165,0.21558327332330626,,75.18071061843757,-67.77973684524842,-0.00045077877215905093,trailing_stop,150293.6415000299
BTCUSDT,2024-04-01,2024-04-01T07:04:00+00:00,2024-04-01T08:07:00+00:00,long,69671.64,69437.6418,0.21571710024341306,,75.14682075001494,-50.47741316617861,-0.0003358586076056223,trailing_stop,150243.16408686372
BTCUSDT,2024-04-02,2024-04-02T07:08:00+00:00,2024-04-02T08:32:00+00:00,short,66762.12,66633.8106,0.2250425302355044,,75.12158204343186,28.875072028999043,0.0001921889238987592,trailing_stop,150272.03915889273
BTCUSDT,2024-04-03,2024-04-03T07:13:00+00:00,2024-04-03T07:54:00+00:00,long,66377.0,66151.985,0.22639173080870292,,75.13601957944637,-50.941535307920155,-0.00033899543516579454,trailing_stop,150221.09762358482
BTCUSDT,2024-04-04,2024-04-04T07:10:00+00:00,2024-04-04T11:14:00+00:00,long,65814.69,66139.91655000001,0.2282485834447975,,75.11054881179241,74.23249933614014,0.0004941549523366389,trailing_stop,150295.33012292098
BTCUSDT,2024-04-05,2024-04-05T07:45:00+00:00,2024-04-05T08:10:00+00:00,short,66894.02,67166.9701,0.22467677996167815,,75.14766506146049,-61.32554955821846,-0.00040803363290171804,trailing_stop,150234.00457336276
BTCUSDT,2024-04-08,2024-04-08T07:01:00+00:00,2024-04-08T08:22:00+00:00,long,69818.04,71135.9098,0.21517934988344384,,75.11700228668138,283.57836679502424,0.0018875777664340053,trailing_stop,150517.5829401578
BTCUSDT,2024-04-09,2024-04-09T07:22:00+00:00,2024-04-09T07:52:00+00:00,short,70560.0,70462.8,0.2133185699265275,,75.2587914700789,20.734564996857852,0.0001377551020408122,trailing_stop,150538.31750515464
BTCUSDT,2024-04-10,2024-04-10T07:16:00+00:00,2024-04-10T08:03:00+00:00,long,69479.8,69167.601,0.21666486878942462,,75.26915875257733,-67.64255537119126,-0.0004493377931427664,trailing_stop,150470.67494978345
BTCUSDT,2024-04-11,2024-04-11T07:09:00+00:00,2024-04-11T07:29:00+00:00,long,70832.0,70951.73,0.21243318690674193,,75.23533747489172,25.434625468343345,0.0001690337700474304,trailing_stop,150496.1095752518
BTCUSDT,2024-04-12,2024-04-12T07:34:00+00:00,2024-04-12T10:40:00+00:00,short,70730.0,70863.23,0.21277549777357807,,75.24805478762589,-28.34807956837294,-0.0001883642018945227,trailing_stop,150467.7614956834
BTCUSDT,2024-04-15,2024-04-15T07:01:00+00:00,2024-04-15T07:06:00+00:00,long,66558.78,66250.04609999999,0.22606748725815495,,75.2338807478417,-69.79469700441196,-0.0004638515008838901,trailing_stop,150397.966798679
BTCUSDT,2024-04-16,2024-04-16T07:04:00+00:00,2024-04-16T07:42:00+00:00,long,63254.88,63483.7256,0.2377650021605906,,75.1989833993395,54.41147457844178,0.0003617833122124341,trailing_stop,150452.37827325743
BTCUSDT,2024-04-17,2024-04-17T07:05:00+00:00,2024-04-17T07:23:00+00:00,short,63735.2,63586.676,0.23605853323321718,,75.22618913662872,35.06035758992979,0.00023303292372189562,trailing_stop,150487.43863084738
BTCUSDT,2024-04-18,2024-04-18T07:06:00+00:00,2024-04-18T07:30:00+00:00,long,61286.5,61055.8875,0.2455474511203077,,75.24371931542369,-56.626311571482674,-0.00037628596836171576,trailing_stop,150430.8123192759
BTCUSDT,2024-04-19,2024-04-19T07:05:00+00:00,2024-04-19T07:07:00+00:00,long,64953.85,64683.62,0.23159645243396026,,75.21540615963795,-62.58430934122814,-0.00041603384556880915,trailing_stop,150368.22800993465
BTCUSDT,2024-04-22,2024-04-22T07:01:00+00:00,2024-04-22T07:13:00+00:00,long,66374.6,66147.927,0.2265448349367599,,75.18411400496733,-51.35159736962239,-0.00034150563619217254,trailing_stop,150316.87641256503
BTCUSDT,2024-04-23,2024-04-23T07:14:00+00:00,2024-04-23T09:03:00+00:00,short,66304.0,66294.92,0.22670860945427887,,75.15843820628253,2.058514173845248,1.3694498069500707e-05,trailing_stop,150318.93492673888
BTCUSDT,2024-04-24,2024-04-24T07:08:00+00:00,2024-04-24T08:17:00+00:00,long,66792.0,66549.71999999999,0.2250552984290617,,75.15946746336944,-54.52639770339608,-0.0003627380524613927,trailing_stop,150264.40852903549
BTCUSDT,2024-04-25,2024-04-25T07:35:00+00:00,2024-04-25T08:17:00+00:00,short,64202.46,64145.0823,0.23404774291987485,,75.13220426451774,13.429121178933066,8.936994003033105e-05,trailing_stop,150277.8376502144
BTCUSDT,2024-04-26,2024-04-26T07:26:00+00:00,2024-04-26T07:36:00+00:00,long,64482.55,64288.40725,0.23305194606946283,,75.13891882510721,-45.245345702778685,-0.000301077966054392,trailing_stop,150232.59230451164
BTCUSDT,2024-04-29,2024-04-29T07:38:00+00:00,2024-04-29T11:09:00+00:00,long,62301.15,62361.674250000004,0.24113935666438197,,75.11629615225581,14.594778707594754,9.714788571318861e-05,trailing_stop,150247.18708321924
BTCUSDT,2024-04-30,2024-04-30T07:30:00+00:00,2024-04-30T09:16:00+00:00,short,63355.6,62116.778,0.2371490240534684,,75.12359354160962,293.7854282759659,0.0019553472779044,trailing_stop,150540.9725114952
BTCUSDT,2024-05-01,2024-05-01T07:00:00+00:00,2024-05-01T07:10:00+00:00,short,59500.55,58475.98,0.2530076991078153,,75.2704862557476,259.22409827489423,0.0017219504693654086,trailing_stop,150800.1966097701
BTCUSDT,2024-05-02,2024-05-02T07:04:00+00:00,2024-05-02T07:47:00+00:00,long,57725.98,57656.5601,0.2612345370486046,,75.40009830488505,-18.134875438460632,-0.00012025763789545155,trailing_stop,150782.06173433163
BTCUSDT,2024-05-03,2024-05-03T07:00:00+00:00,2024-05-03T08:30:00+00:00,short,59233.3,59357.7965,0.2545562407198849,,75.39103086716581,-31.69136102278158,-0.00021017991568930618,trailing_stop,150750.37037330883
BTCUSDT,2024-05-06,2024-05-06T07:11:00+00:00,2024-05-06T07:42:00+00:00,short,64198.21,64470.99105,0.2348202081854133,,75.37518518665442,-64.05450295003511,-0.0004249044482704389,trailing_stop,150686.3158703588
BTCUSDT,2024-05-07,2024-05-07T07:13:00+00:00,2024-05-07T08:44:00+00:00,long,63696.2,64103.929000000004,0.23657033837239713,,75.3431579351794,96.45658749424068,0.0006401151089076062,trailing_stop,150782.77245785305
BTCUSDT,2024-05-08,2024-05-08T07:50:00+00:00,2024-05-08T08:20:00+00:00,short,62172.32,62330.95159999999,0.24252395995171652,,75.39138622892652,-38.4719638054751,-0.00025514827177109257,trailing_stop,150744.30049404758
BTCUSDT,2024-05-09,2024-05-09T07:10:00+00:00,2024-05-09T08:34:00+00:00,short,61530.69,61436.65345,0.2449904275314442,,75.3721502470238,23.038054588083096,0.0001528286941037137,trailing_stop,150767.33854863566
BTCUSDT,2024-05-10,2024-05-10T07:00:00+00:00,2024-05-10T07:08:00+00:00,long,63236.96,63017.6152,0.23841648704908594,,75.38366927431782,-52.295416668484094,-0.0003468617087222393,trailing_stop,150715.04313196716
BTCUSDT,2024-05-13,2024-05-13T07:02:00+00:00,2024-05-13T08:35:00+00:00,long,61560.0,62648.03999999999,0.2448262558998817,,75.35752156598359,266.3807594693057,0.0017674463937621728,trailing_stop,150981.42389143645
BTCUSDT,2024-05-14,2024-05-14T08:37:00+00:00,2024-05-14T11:05:00+00:00,short,61851.0,61830.145,0.24410506522358,,75.49071194571823,5.090811135238543,3.3718129052081946e-05,trailing_stop,150986.5147025717
BTCUSDT,2024-05-15,2024-05-15T07:01:00+00:00,2024-05-15T09:08:00+00:00,long,61986.0,61970.08,0.24358163892261428,,75.49325735128585,-3.877819691647594,-2.568321879133716e-05,trailing_stop,150982.63688288006
BTCUSDT,2024-05-16,2024-05-16T07:04:00+00:00,2024-05-16T08:26:00+00:00,long,66000.0,66130.71,0.22876157103466677,,75.49131844144003,29.901424949942758,0.00019804545454546425,trailing_stop,151012.53830783
BTCUSDT,2024-05-17,2024-05-17T07:03:00+00:00,2024-05-17T07:34:00+00:00,long,66148.0,66169.26,0.22829494211137147,,75.506269153915,4.853550469286562,3.214004958576943e-05,trailing_stop,151017.3918582993
BTCUSDT,2024-05-20,2024-05-20T08:01:00+00:00,2024-05-20T11:50:00+00:00,long,66899.99,67014.50005,0.2257360454886455,,75.50869592914965,25.849045855706425,0.0001711660196062767,trailing_stop,151043.240904155
BTCUSDT,2024-05-21,2024-05-21T07:12:00+00:00,2024-05-21T10:12:00+00:00,short,71096.01,71195.11005,0.212449673201288,,75.52162045207751,-21.05377323673304,-0.00013938904588317713,trailing_stop,151022.1871309183
BTCUSDT,2024-05-22,2024-05-22T07:05:00+00:00,2024-05-22T08:29:00+00:00,short,69784.47,69936.54234999999,0.21641231513389483,,75.51109356545915,-32.910329331349274,-0.00021791718128687894,trailing_stop,150989.27680158694
BTCUSDT,2024-05-23,2024-05-23T07:36:00+00:00,2024-05-23T12:54:00+00:00,long,69675.0,69747.745,0.21670509767002075,,75.49463840079348,15.76421233000465,0.00010440617151057819,trailing_stop,151005.04101391695
BTCUSDT,2024-05-24,2024-05-24T07:32:00+00:00,2024-05-24T07:42:00+00:00,long,67284.14,66975.11929999999,0.2244288788025186,,75.50252050695848,-69.3531692277713,-0.0004592771788418611,trailing_stop,150935.68784468918
BTCUSDT,2024-05-27,2024-05-27T07:00:00+00:00,2024-05-27T07:41:00+00:00,short,68393.23,68683.80614999999,0.22068805325423171,,75.46784392234458,-64.12668486560818,-0.0004248609840476806,trailing_stop,150871.56115982358
BTCUSDT,2024-05-28,2024-05-28T07:36:00+00:00,2024-05-28T08:13:00+00:00,short,67800.0,67921.13,0.2225244264894153,,75.43578057991179,-26.954383780663914,-0.00017865781710915143,trailing_stop,150844.60677604293
BTCUSDT,2024-05-29,2024-05-29T07:06:00+00:00,2024-05-29T08:27:00+00:00,short,68465.6,67944.66799999999,0.2203217481129836,,75.42230338802146,114.77264888799614,0.0007608667710500093,trailing_stop,150959.37942493093
BTCUSDT,2024-05-30,2024-05-30T07:05:00+00:00,2024-05-30T08:31:00+00:00,short,67728.2,67466.641,0.2228899917979969,,75.47968971246547,58.298883364690894,0.00038618920922155593,trailing_stop,151017.6783082956
BTCUSDT,2024-05-31,2024-05-31T07:22:00+00:00,2024-05-31T07:53:00+00:00,long,68408.93,68089.83535000001,0.2207572583115912,,75.50883915414781,-70.44246007589338,-0.00046645174833166454,trailing_stop,150947.23584821972
BTCUSDT,2024-06-03,2024-06-03T07:25:00+00:00,2024-06-03T08:19:00+00:00,short,68919.99,69148.59995,0.21901807566748008,,75.47361792410986,-50.06971132743845,-0.00033170339984088537,trailing_stop,150897.16613689228
BTCUSDT,2024-06-04,2024-06-04T07:14:00+00:00,2024-06-04T08:57:00+00:00,long,69039.71,68846.79145,0.2185657589478465,,75.44858306844614,-42.165389295868536,-0.0002794312867189073,trailing_stop,150855.0007475964
BTCUSDT,2024-06-05,2024-06-05T07:02:00+00:00,2024-06-05T08:38:00+00:00,long,71150.0,71023.46,0.21202389423414816,,75.42750037379821,-26.82950357638775,-0.00017784961349261223,trailing_stop,150828.17124402002
BTCUSDT,2024-06-06,2024-06-06T07:39:00+00:00,2024-06-06T12:49:00+00:00,long,70970.25,71088.74875,0.2125230941754045,,75.41408562201,25.183721005917466,0.00016696961050580888,trailing_stop,150853.35496502594
BTCUSDT,2024-06-07,2024-06-07T07:37:00+00:00,2024-06-07T10:55:00+00:00,short,71162.38,71403.9319,0.21198469607821707,,75.42667748251297,-51.20530610861404,-0.0003394376354472564,trailing_stop,150802.14965891733
BTCUSDT,2024-06-10,2024-06-10T07:53:00+00:00,2024-06-10T11:41:00+00:00,short,69323.4,69518.90699999999,0.21753426643661064,,75.40107482945866,-42.52947182822196,-0.0002820216550255726,trailing_stop,150759.6201870891
BTCUSDT,2024-06-11,2024-06-11T07:23:00+00:00,2024-06-11T08:00:00+00:00,long,67822.87,67505.64564999999,0.22228434182612608,,75.37981009354456,-70.51400585097156,-0.00046772475125279135,trailing_stop,150689.10618123814
BTCUSDT,2024-06-12,2024-06-12T07:05:00+00:00,2024-06-12T09:50:00+00:00,short,67258.63,67566.07315,0.2240442693840748,,75.34455309061907,-68.88087591888669,-0.0004571058762273211,trailing_stop,150620.22530531924
BTCUSDT,2024-06-13,2024-06-13T07:15:00+00:00,2024-06-13T09:23:00+00:00,long,67575.76,67414.18119999999,0.22289090837501388,,75.31011265265963,-36.01444550614535,-0.0002391076326777575,trailing_stop,150584.2108598131
BTCUSDT,2024-06-14,2024-06-14T07:51:00+00:00,2024-06-14T09:42:00+00:00,long,67050.67,66921.06665000001,0.22458270865871002,,75.29210542990654,-29.10667139424065,-0.00019329165540029697,trailing_stop,150555.10418841886
BTCUSDT,2024-06-17,2024-06-17T07:09:00+00:00,2024-06-17T07:26:00+00:00,short,66080.0,66270.06999999999,0.22783762740378152,,75.27755209420943,-43.30509784063503,-0.000287636198547204,trailing_stop,150511.79909057822
BTCUSDT,2024-06-18,2024-06-18T07:27:00+00:00,2024-06-18T09:58:00+00:00,long,65663.99,65471.68005,0.22921512855155196,,75.25589954528911,-44.08034991099312,-0.0002928697296646192,trailing_stop,150467.71874066722
BTCUSDT,2024-06-19,2024-06-19T07:00:00+00:00,2024-06-19T07:26:00+00:00,long,65600.0,65328.240000000005,0.22937152247052928,,75.2338593703336,-62.334004946589836,-0.00041426829268291883,trailing_stop,150405.38473572064
BTCUSDT,2024-06-20,2024-06-20T07:16:00+00:00,2024-06-20T08:42:00+00:00,long,65630.0,65639.24,0.22917169699180348,,75.20269236786032,2.1175464802054647,1.4078927319831232e-05,trailing_stop,150407.50228220085
BTCUSDT,2024-06-21,2024-06-21T07:22:00+00:00,2024-06-21T07:50:00+00:00,long,64727.87,64415.45065,0.2323689969748747,,75.20375114110043,-72.5965709950432,-0.0004826658902880687,trailing_stop,150334.9057112058
BTCUSDT,2024-06-24,2024-06-24T07:21:00+00:00,2024-06-24T07:35:00+00:00,short,62222.01,62488.480050000006,0.24161049395737266,,75.1674528556029,-64.38196040534665,-0.00042825689816192625,trailing_stop,150270.52375080044
BTCUSDT,2024-06-25,2024-06-25T07:04:00+00:00,2024-06-25T07:15:00+00:00,long,61188.39,60949.65805,0.24558666072240246,,75.13526187540022,-58.62938240824785,-0.0003901589010595004,trailing_stop,150211.89436839218
BTCUSDT,2024-06-26,2024-06-26T07:18:00+00:00,2024-06-26T08:16:00+00:00,long,61662.0,61491.69,0.24360529072750187,,75.1059471841961,-41.48841706380028,-0.00027619927994550566,trailing_stop,150170.40595132837
BTCUSDT,2024-06-27,2024-06-27T07:17:00+00:00,2024-06-27T10:51:00+00:00,long,60828.12,61151.0094,0.2468766188258463,,75.08520297566419,79.71384332670623,0.0005308225866589335,trailing_stop,150250.11979465507
BTCUSDT,2024-06-28,2024-06-28T07:20:00+00:00,2024-06-28T09:49:00+00:00,short,61542.78,61519.8239,0.24413931219008153,,75.12505989732753,5.604486464565702,3.730104489916735e-05,trailing_stop,150255.72428111962
BTCUSDT,2024-07-01,2024-07-01T07:26:00+00:00,2024-07-01T13:01:00+00:00,short,63326.16,62909.7008,0.2372727547053534,,75.12786214055981,98.81442160638885,0.0006576416444641595,trailing_stop,150354.53870272601
BTCUSDT,2024-07-02,2024-07-02T07:02:00+00:00,2024-07-02T08:20:00+00:00,short,62818.72,62715.3236,0.23934670859693735,,75.17726935136301,24.74758802077185,0.0001645948850915743,trailing_stop,150379.2862907468
BTCUSDT,2024-07-03,2024-07-03T07:06:00+00:00,2024-07-03T09:06:00+00:00,short,60976.56,60624.8828,0.24661818621901072,,75.1896431453734,86.72999319857985,0.0005767416200585902,trailing_stop,150466.01628394538
BTCUSDT,2024-07-04,2024-07-04T07:23:00+00:00,2024-07-04T08:04:00+00:00,short,58535.8,58396.679,0.257049559900002,,75.23300814197269,35.76099182284984,0.00023766823038210197,trailing_stop,150501.77727576823
BTCUSDT,2024-07-05,2024-07-05T07:53:00+00:00,2024-07-05T08:19:00+00:00,long,54444.0,54188.64,0.2764340924174716,,75.25088863788412,-70.5902098397257,-0.000469032400264493,trailing_stop,150431.1870659285
BTCUSDT,2024-07-08,2024-07-08T07:57:00+00:00,2024-07-08T08:52:00+00:00,long,55858.22,57612.518899999995,0.26930895231879654,,75.21559353296425,472.4483988130157,0.003140628004257912,trailing_stop,150903.63546474153
BTCUSDT,2024-07-09,2024-07-09T07:17:00+00:00,2024-07-09T08:11:00+00:00,short,57356.86,57298.2843,0.26309605418556997,,75.45181773237077,15.411035541158016,0.00010212501172484203,trailing_stop,150919.04650028268
BTCUSDT,2024-07-10,2024-07-10T07:28:00+00:00,2024-07-10T10:26:00+00:00,short,59048.51,58606.902550000006,0.25558485133711706,,75.45952325014134,112.8681744576123,0.0007478723002493982,trailing_stop,151031.91467474028
BTCUSDT,2024-07-11,2024-07-11T07:17:00+00:00,2024-07-11T09:41:00+00:00,long,58075.34,58091.3233,0.26006204126353855,,75.51595733737014,4.156649624127482,2.752166410045963e-05,trailing_stop,151036.0713243644
BTCUSDT,2024-07-12,2024-07-12T07:20:00+00:00,2024-07-12T08:06:00+00:00,short,57170.0,57122.14,0.2641876356906846,,75.5180356621822,12.64402024415632,8.371523526325097e-05,trailing_stop,151048.71534460856
BTCUSDT,2024-07-15,2024-07-15T07:25:00+00:00,2024-07-15T07:43:00+00:00,short,62760.0,63059.8,0.24067672935724752,,75.52435767230428,-72.15488346130351,-0.000477692797960489,trailing_stop,150976.56046114725
BTCUSDT,2024-07-16,2024-07-16T07:00:00+00:00,2024-07-16T07:01:00+00:00,short,62794.0,63107.97,0.24043150692924042,,75.48828023057362,-75.48828023057389,-0.0005000000000000017,trailing_stop,150901.07218091667
BTCUSDT,2024-07-17,2024-07-17T07:15:00+00:00,2024-07-17T08:24:00+00:00,short,65454.17,65134.76085,0.23054462715044235,,75.45053609045834,73.6380633951896,0.00048798900054801636,trailing_stop,150974.71024431186
BTCUSDT,2024-07-18,2024-07-18T07:22:00+00:00,2024-07-18T12:00:00+00:00,short,64838.04,64766.1302,0.23284897298609253,,75.48735512215593,16.744123077635614,0.00011090680717677659,trailing_stop,150991.4543673895
BTCUSDT,2024-07-19,2024-07-19T07:03:00+00:00,2024-07-19T08:36:00+00:00,short,64160.72,63729.8136,0.23533316703333362,,75.49572718369475,101.40656780693243,0.0006716046827404677,trailing_stop,151092.86093519643
BTCUSDT,2024-07-22,2024-07-22T08:05:00+00:00,2024-07-22T09:10:00+00:00,short,67184.61,67280.02305,0.22489207116807916,,75.54643046759821,-21.457638430964135,-0.00014201622960973183,trailing_stop,151071.40329676546
BTCUSDT,2024-07-23,2024-07-23T07:01:00+00:00,2024-07-23T07:34:00+00:00,short,66439.84,66588.5892,0.22738074519259147,,75.53570164838273,-33.822703942803116,-0.00022388554818916732,trailing_stop,151037.58059282266
BTCUSDT,2024-07-24,2024-07-24T07:20:00+00:00,2024-07-24T12:46:00+00:00,long,65993.31,66270.03345,0.22886801797458362,,75.51879029641134,63.333147528589926,0.0004193204583919264,trailing_stop,151100.91374035124
BTCUSDT,2024-07-25,2024-07-25T07:39:00+00:00,2024-07-25T08:03:00+00:00,long,64369.05,64068.15475,0.2347415625061287,,75.55045687017562,-70.63262113567255,-0.00046745330247999835,trailing_stop,151030.28111921556
BTCUSDT,2024-07-26,2024-07-26T07:21:00+00:00,2024-07-26T11:37:00+00:00,long,67160.0,67162.2,0.22488130005839127,,75.51514055960779,0.4947388601278063,3.2757593805793477e-06,trailing_stop,151030.77585807568
BTCUSDT,2024-07-29,2024-07-29T07:01:00+00:00,2024-07-29T10:54:00+00:00,short,69551.0,69722.755,0.2171511205562475,,75.51538792903784,-37.2967907111393,-0.00024694828255525397,trailing_stop,150993.47906736453
BTCUSDT,2024-07-30,2024-07-30T07:00:00+00:00,2024-07-30T09:42:00+00:00,long,66775.0,66666.125,0.22612276910125728,,75.49673953368227,-24.619116485899387,-0.00016304754773493075,trailing_stop,150968.85995087863
BTCUSDT,2024-07-31,2024-07-31T07:19:00+00:00,2024-07-31T08:06:00+00:00,long,66485.7,66194.6815,0.22706967054701782,,75.48442997543931,-66.08147491808528,-0.0004377159298916776,trailing_stop,150902.77847596054
BTCUSDT,2024-08-01,2024-08-01T07:16:00+00:00,2024-08-01T10:04:00+00:00,long,64454.0,64379.14000000001,0.23412476879008368,,75.45138923798027,-17.526580191624095,-0.00011614484748812067,trailing_stop,150885.25189576892
BTCUSDT,2024-08-02,2024-08-02T07:58:00+00:00,2024-08-02T08:30:00+00:00,short,64177.33,64364.88665,0.23510677663868054,,75.44262594788447,-44.09583941864886,-0.00029224751169922247,trailing_stop,150841.15605635027
BTCUSDT,2024-08-05,2024-08-05T07:17:00+00:00,2024-08-05T07:17:00+00:00,long,52058.82,51798.5259,0.2897513928597503,,75.42057802817514,-75.42057802817489,-0.0004999999999999984,initial_stop_same_bar,150765.7354783221
BTCUSDT,2024-08-06,2024-08-06T07:14:00+00:00,2024-08-06T07:32:00+00:00,short,55535.69,55735.67845,0.2714753980338087,,75.38286773916106,-54.29194406591367,-0.00036010797741055725,trailing_stop,150711.4435342562
BTCUSDT,2024-08-07,2024-08-07T07:13:00+00:00,2024-08-07T07:40:00+00:00,short,56692.39,56828.161949999994,0.2658406949050061,,75.3557217671281,-36.09370953660637,-0.00023948884497548053,trailing_stop,150675.3498247196
BTCUSDT,2024-08-08,2024-08-08T07:16:00+00:00,2024-08-08T08:00:00+00:00,long,57352.13,57147.58935,0.26271971036597874,,75.3376749123598,-53.73686032606781,-0.0003566400236573522,trailing_stop,150621.61296439354
BTCUSDT,2024-08-09,2024-08-09T07:11:00+00:00,2024-08-09T07:36:00+00:00,long,61113.5,60919.4325,0.24646209587798693,,75.31080648219677,-47.830282791800585,-0.0003175525865807021,trailing_stop,150573.78268160173
BTCUSDT,2024-08-12,2024-08-12T07:14:00+00:00,2024-08-12T07:22:00+00:00,short,58124.15,57932.83075,0.25905545746751,,75.28689134080086,49.562295831091035,0.00032915621131663936,trailing_stop,150623.34497743283
BTCUSDT,2024-08-13,2024-08-13T08:08:00+00:00,2024-08-13T09:29:00+00:00,short,59059.82,58996.0491,0.25503522526386435,,75.31167248871641,16.263825846780176,0.00010797679369832681,trailing_stop,150639.6088032796
BTCUSDT,2024-08-14,2024-08-14T07:43:00+00:00,2024-08-14T11:01:00+00:00,long,60879.0,61020.925,0.24744100396405921,,75.3198044016398,35.118064487599824,0.0002331263654133657,trailing_stop,150674.7268677672
BTCUSDT,2024-08-15,2024-08-15T07:25:00+00:00,2024-08-15T07:36:00+00:00,short,57901.28,58003.386399999996,0.26022693603279096,,75.3373634338836,-26.57083562133777,-0.00017634566973302997,trailing_stop,150648.15603214587
BTCUSDT,2024-08-16,2024-08-16T08:01:00+00:00,2024-08-16T09:10:00+00:00,long,58521.25,58307.39375,0.257424706464995,,75.32407801607293,-55.05188238195384,-0.0003654334963795153,trailing_stop,150593.1041497639
BTCUSDT,2024-08-19,2024-08-19T07:07:00+00:00,2024-08-19T08:06:00+00:00,long,58660.84,58452.5158,0.2567182879579698,,75.29655207488196,-53.48063196421253,-0.0003551333393793807,trailing_stop,150539.6235177997
BTCUSDT,2024-08-20,2024-08-20T07:01:00+00:00,2024-08-20T12:24:00+00:00,short,60938.0,60706.590000000004,0.24703735520988496,,75.26981175889985,57.166914369118544,0.0003797466277199715,trailing_stop,150596.7904321688
BTCUSDT,2024-08-21,2024-08-21T07:57:00+00:00,2024-08-21T08:08:00+00:00,long,59729.83,59625.48085,0.2521299498628555,,75.2983952160844,-26.309545957732045,-0.00017470190355472603,trailing_stop,150570.48088621107
BTCUSDT,2024-08-22,2024-08-22T07:43:00+00:00,2024-08-22T09:15:00+00:00,long,60825.66,60810.10170000001,0.24754434376250264,,75.28524044310554,-3.8513691635593927,-2.5578514067906476e-05,trailing_stop,150566.62951704752
BTCUSDT,2024-08-23,2024-08-23T07:49:00+00:00,2024-08-23T08:24:00+00:00,short,61024.57,61243.09285,0.24673116011640475,,75.28331475852376,-53.916396292443395,-0.00035808994639372496,trailing_stop,150512.71312075507
BTCUSDT,2024-08-26,2024-08-26T08:31:00+00:00,2024-08-26T09:29:00+00:00,long,63844.25,63548.77875,0.23574983357272594,,75.25635656037754,-69.65729801302585,-0.00046280009554502147,trailing_stop,150443.05582274206
BTCUSDT,2024-08-27,2024-08-27T07:34:00+00:00,2024-08-27T09:41:00+00:00,long,62941.6,62685.292,0.23902006911604096,,75.22152791137103,-61.26275587499357,-0.00040721557761480044,trailing_stop,150381.79306686707
BTCUSDT,2024-08-28,2024-08-28T07:08:00+00:00,2024-08-28T08:13:00+00:00,short,59126.21,58811.63105,0.25434032228155173,,75.19089653343354,80.01011152599101,0.0005320465323246585,trailing_stop,150461.80317839308
BTCUSDT,2024-08-29,2024-08-29T08:06:00+00:00,2024-08-29T09:02:00+00:00,short,59499.63,59671.49815,0.2528785526538452,,75.23090158919653,-43.46176901929448,-0.00028885582985978573,trailing_stop,150418.3414093738
BTCUSDT,2024-08-30,2024-08-30T07:00:00+00:00,2024-08-30T07:54:00+00:00,long,59373.0,59285.995,0.25334468766842466,,75.2091707046869,-22.042254550590624,-0.00014653967291529377,trailing_stop,150396.2991548232
BTCUSDT,2024-09-02,2024-09-02T07:16:00+00:00,2024-09-02T08:11:00+00:00,short,57673.0,57650.424999999996,0.2607741909642696,,75.19814957741161,5.886977361019525,3.914309989077102e-05,trailing_stop,150402.18613218423
BTCUSDT,2024-09-03,2024-09-03T07:34:00+00:00,2024-09-03T08:36:00+00:00,long,59000.0,58845.35,0.25491895954607496,,75.20109306609211,-39.423217093800865,-0.0002621186440677991,trailing_stop,150362.76291509042
BTCUSDT,2024-09-04,2024-09-04T07:11:00+00:00,2024-09-04T09:53:00+00:00,long,56530.01,56627.289950000006,0.2659875045397841,,75.18138145754521,25.875251142255962,0.0001720854993657417,trailing_stop,150388.63816623267
BTCUSDT,2024-09-05,2024-09-05T07:11:00+00:00,2024-09-05T08:47:00+00:00,long,57162.87,56959.21565,0.2630879768042309,,75.19431908311634,-53.57901090888186,-0.0003562703377209792,trailing_stop,150335.0591553238
BTCUSDT,2024-09-06,2024-09-06T07:14:00+00:00,2024-09-06T07:42:00+00:00,short,56278.57,55561.39285,0.26712665079323056,,75.16752957766191,191.57713010493518,0.0012743343514236471,trailing_stop,150526.63628542874
BTCUSDT,2024-09-09,2024-09-09T07:37:00+00:00,2024-09-09T09:37:00+00:00,long,54941.1,55280.2945,0.27397819899024367,,75.26331814271437,92.93189821739759,0.0006173784288993215,trailing_stop,150619.56818364613
BTCUSDT,2024-09-10,2024-09-10T07:18:00+00:00,2024-09-10T08:54:00+00:00,long,56904.0,57093.48,0.2646906512435789,,75.30978409182306,50.15358459763417,0.0003329818641923295,trailing_stop,150669.72176824376
BTCUSDT,2024-09-11,2024-09-11T07:03:00+00:00,2024-09-11T08:15:00+00:00,long,56578.0,56500.21,0.2663044324087875,,75.33486088412188,-20.715821797079812,-0.00013749160451058872,trailing_stop,150649.00594644668
BTCUSDT,2024-09-12,2024-09-12T07:28:00+00:00,2024-09-12T09:46:00+00:00,long,58061.1,58059.6945,0.2594663310658026,,75.32450297322335,-0.36467992831318186,-2.420725752699754e-06,trailing_stop,150648.64126651836
BTCUSDT,2024-09-13,2024-09-13T07:11:00+00:00,2024-09-13T11:51:00+00:00,long,57924.0,58060.38,0.2600798309276265,,75.32432063325918,35.46968734190902,0.00023544644706856811,trailing_stop,150684.11095386028
BTCUSDT,2024-09-16,2024-09-16T07:21:00+00:00,2024-09-16T09:19:00+00:00,long,58798.0,58885.36,0.25627421162940967,,75.34205547693014,22.388115127945376,0.00014857648219327287,trailing_stop,150706.49906898823
BTCUSDT,2024-09-17,2024-09-17T07:10:00+00:00,2024-09-17T13:34:00+00:00,long,58569.87,59152.910650000005,0.2573106258712683,,75.35324953449411,150.02255455989177,0.0009954617450918068,trailing_stop,150856.52162354812
BTCUSDT,2024-09-18,2024-09-18T07:04:00+00:00,2024-09-18T08:10:00+00:00,long,60488.96,60239.205200000004,0.2493951319770552,,75.42826081177407,-62.28763130790182,-0.00041289319571702864,trailing_stop,150794.23399224022
BTCUSDT,2024-09-19,2024-09-19T07:11:00+00:00,2024-09-19T10:32:00+00:00,long,62124.0,62416.899999999994,0.2427310443503963,,75.3971169961201,71.09592289022966,0.0004714764020346309,trailing_stop,150865.32991513045
BTCUSDT,2024-09-20,2024-09-20T07:10:00+00:00,2024-09-20T09:09:00+00:00,short,63636.0,63408.61,0.23707544458345975,,75.43266495756522,53.908585343832776,0.0003573291847381976,trailing_stop,150919.23850047428
BTCUSDT,2024-09-23,2024-09-23T07:08:00+00:00,2024-09-23T08:28:00+00:00,short,63524.36,63617.6218,0.237576952369885,,75.45961925023714,-22.156854216529794,-0.00014681265580637133,trailing_stop,150897.08164625775
BTCUSDT,2024-09-24,2024-09-24T07:05:00+00:00,2024-09-24T09:15:00+00:00,long,63394.0,63631.03,0.2380305417646114,,75.44854082312888,56.420379314465556,0.00037389973814556395,trailing_stop,150953.5020255722
BTCUSDT,2024-09-25,2024-09-25T07:16:00+00:00,2024-09-25T10:27:00+00:00,short,63700.0,63726.2,0.2369756703698151,,75.47675101278611,-6.208762563688466,-4.113029827315085e-05,trailing_stop,150947.29326300853
BTCUSDT,2024-09-26,2024-09-26T07:18:00+00:00,2024-09-26T12:38:00+00:00,long,63780.0,64401.1,0.23666869436031437,,75.47364663150427,146.9949260671909,0.0009738162433364666,trailing_stop,151094.2881890757
BTCUSDT,2024-09-27,2024-09-27T07:26:00+00:00,2024-09-27T10:04:00+00:00,long,65520.14,65658.3993,0.2306073952056203,,75.54714409453786,31.88361703595361,0.00021101801675027734,trailing_stop,151126.17180611167
BTCUSDT,2024-09-30,2024-09-30T07:00:00+00:00,2024-09-30T07:18:00+00:00,short,64356.0,64671.78,0.23482841041412092,,75.56308590305584,-74.15411544057083,-0.0004906768599664349,trailing_stop,151052.0176906711
BTCUSDT,2024-10-01,2024-10-01T07:36:00+00:00,2024-10-01T10:08:00+00:00,long,64097.03,63810.14485,0.2356614927254369,,75.52600884533555,-67.60778268976132,-0.00044757947443118957,trailing_stop,150984.40990798135
BTCUSDT,2024-10-02,2024-10-02T07:31:00+00:00,2024-10-02T08:09:00+00:00,long,61788.4,61631.058,0.2443572092949184,,75.49220495399068,-38.447652024882075,-0.00025464650322714976,trailing_stop,150945.96225595646
BTCUSDT,2024-10-03,2024-10-03T07:05:00+00:00,2024-10-03T07:44:00+00:00,long,61418.42,61117.1579,0.24576659942726703,,75.47298112797823,-74.04016185331724,-0.0004905077336733832,trailing_stop,150871.92209410315
BTCUSDT,2024-10-04,2024-10-04T07:00:00+00:00,2024-10-04T07:27:00+00:00,short,61100.0,61373.5,0.2469262227399397,,75.43596104705158,-67.53432191937351,-0.00044762684124386256,trailing_stop,150804.38777218378
BTCUSDT,2024-10-07,2024-10-07T07:21:00+00:00,2024-10-07T11:57:00+00:00,short,63525.28,62967.5764,0.23739271636769455,,75.4021938860919,132.39477253204234,0.0008779238753453755,trailing_stop,150936.78254471582
BTCUSDT,2024-10-08,2024-10-08T07:17:00+00:00,2024-10-08T07:42:00+00:00,short,62200.0,62316.0,0.24266363753169748,,75.46839127235792,-28.14898195367691,-0.0001864951768488746,trailing_stop,150908.63356276214
BTCUSDT,2024-10-09,2024-10-09T07:01:00+00:00,2024-10-09T13:42:00+00:00,short,62380.0,62061.9,0.24191829683033364,,75.45431678138107,76.95421022172877,0.0005099390830394332,trailing_stop,150985.58777298388
BTCUSDT,2024-10-10,2024-10-10T07:29:00+00:00,2024-10-10T09:37:00+00:00,short,61029.5,60935.8575,0.24739771384819453,,75.49279388649194,23.166940419029988,0.00015343809141481044,trailing_stop,151008.75471340292
BTCUSDT,2024-10-11,2024-10-11T07:43:00+00:00,2024-10-11T09:15:00+00:00,short,60772.03,60954.30015,0.24848397315903867,,75.50437735670145,-45.29121106029493,-0.00029992440601375985,trailing_stop,150963.4635023426
BTCUSDT,2024-10-14,2024-10-14T07:33:00+00:00,2024-10-14T08:11:00+00:00,long,64227.86,64538.8607,0.2350435831153998,,75.48173175117131,73.09871887939678,0.0004842146383204997,trailing_stop,151036.562221222
BTCUSDT,2024-10-15,2024-10-15T07:02:00+00:00,2024-10-15T11:12:00+00:00,long,65612.17,65521.93915,0.23019595636178775,,75.518281110611,-20.770776809086996,-0.00013752151468241318,trailing_stop,151015.79144441293
BTCUSDT,2024-10-16,2024-10-16T07:02:00+00:00,2024-10-16T08:12:00+00:00,short,66961.62,67110.4781,0.22552589295840356,,75.50789572220647,-33.571355926590805,-0.00022230361212885482,trailing_stop,150982.22008848633
BTCUSDT,2024-10-17,2024-10-17T07:09:00+00:00,2024-10-17T08:47:00+00:00,short,67104.18,67422.87090000001,0.224996744000875,,75.49111004424317,-71.70441484271204,-0.0004749195951727836,trailing_stop,150910.51567364362
BTCUSDT,2024-10-18,2024-10-18T07:13:00+00:00,2024-10-18T13:39:00+00:00,short,68009.92,67982.7596,0.22189485838778172,,75.45525783682181,6.026753111754039,3.9935938757159826e-05,trailing_stop,150916.54242675536
BTCUSDT,2024-10-21,2024-10-21T07:01:00+00:00,2024-10-21T10:09:00+00:00,short,68639.9,68462.2095,0.21986707793390634,,75.45827121337769,39.06829101161412,0.0002588734832072847,trailing_stop,150955.61071776698
BTCUSDT,2024-10-22,2024-10-22T07:00:00+00:00,2024-10-22T10:23:00+00:00,short,67572.0,67077.86,0.22339964884533087,,75.47780535888349,110.39070248043167,0.0007312792280826369,trailing_stop,151066.0014202474
BTCUSDT,2024-10-23,2024-10-23T07:01:00+00:00,2024-10-23T08:10:00+00:00,short,66904.18,67034.5209,0.22579456383778623,,75.5330007101237,-29.430266665726805,-0.00019481727449616775,trailing_stop,151036.57115358167
BTCUSDT,2024-10-24,2024-10-24T07:00:00+00:00,2024-10-24T10:26:00+00:00,short,67117.78,67035.5889,0.2250321318040937,,75.51828557679083,18.49563844832263,0.00012245801336098478,trailing_stop,151055.06679202997
BTCUSDT,2024-10-25,2024-10-25T07:13:00+00:00,2024-10-25T08:23:00+00:00,short,67596.92,67587.9846,0.2234644223317127,,75.52753339601499,1.9967439993032592,1.3218649607115412e-05,trailing_stop,151057.06353602928
BTCUSDT,2024-10-28,2024-10-28T08:39:00+00:00,2024-10-28T09:55:00+00:00,short,68349.2,68580.556,0.2210078004366244,,75.52853176801464,-51.131480677815624,-0.0003384911601013615,trailing_stop,151005.93205535147
BTCUSDT,2024-10-29,2024-10-29T08:29:00+00:00,2024-10-29T12:14:00+00:00,long,71100.0,71223.45,0.21238527715239308,,75.50296602767574,26.218962464462308,0.0001736286919831183,trailing_stop,151032.15101781592
BTCUSDT,2024-10-30,2024-10-30T08:11:00+00:00,2024-10-30T11:13:00+00:00,long,72445.63,72242.74185,0.20847655133624474,,75.51607550890796,-42.297421818990486,-0.00028005574663371533,trailing_stop,150989.85359599694
BTCUSDT,2024-10-31,2024-10-31T08:21:00+00:00,2024-10-31T10:44:00+00:00,short,72261.35,72511.09675,0.20894967170693177,,75.49492679799847,-52.18450142237131,-0.0003456159482212706,trailing_stop,150937.66909457458
BTCUSDT,2024-11-01,2024-11-01T08:14:00+00:00,2024-11-01T10:45:00+00:00,long,69420.13,69808.89935,0.21742637055645755,,75.46883454728729,84.52870875409364,0.0005600239440634903,trailing_stop,151022.1978033287
BTCUSDT,2024-11-04,2024-11-04T08:00:00+00:00,2024-11-04T09:08:00+00:00,short,68618.0,68813.09,0.2200912265051862,,75.51109890166434,-42.93759737889601,-0.0002843131539829148,trailing_stop,150979.2602059498
BTCUSDT,2024-11-05,2024-11-05T08:04:00+00:00,2024-11-05T09:43:00+00:00,long,68976.0,68755.12,0.21888665652683514,,75.4896301029749,-48.34768469364837,-0.0003202273254465389,trailing_stop,150930.91252125616
BTCUSDT,2024-11-06,2024-11-06T08:04:00+00:00,2024-11-06T08:07:00+00:00,short,72727.0,73019.94499999999,0.20753078295716335,,75.46545626062809,-60.795105213384645,-0.0004028008855033103,trailing_stop,150870.11741604278
BTCUSDT,2024-11-07,2024-11-07T08:01:00+00:00,2024-11-07T08:08:00+00:00,short,74673.67,75022.90835,0.20203924276929575,,75.43505870802139,-70.5598517799982,-0.0004676860665881288,trailing_stop,150799.55756426277
BTCUSDT,2024-11-08,2024-11-08T09:16:00+00:00,2024-11-08T11:59:00+00:00,long,75937.95,75940.31025,0.19858260272270026,,75.39977878213138,0.46870458807583715,3.1081297295988427e-06,trailing_stop,150800.02626885084
BTCUSDT,2024-11-11,2024-11-11T08:01:00+00:00,2024-11-11T10:24:00+00:00,long,81205.99,81974.91005,0.18570061921399003,,75.40001313442542,142.7889294110523,0.000946876024785857,trailing_stop,150942.8151982619
BTCUSDT,2024-11-12,2024-11-12T08:03:00+00:00,2024-11-12T08:58:00+00:00,short,88953.58,89165.67790000001,0.16968717301570316,,75.47140759913096,-35.99029305356866,-0.0002384366092966781,trailing_stop,150906.82490520834
BTCUSDT,2024-11-13,2024-11-13T08:22:00+00:00,2024-11-13T08:43:00+00:00,long,87492.3,87246.5385,0.17248012099945748,,75.45341245260417,-42.38897325700951,-0.0002808950044746884,trailing_stop,150864.43593195133
BTCUSDT,2024-11-14,2024-11-14T08:02:00+00:00,2024-11-14T08:20:00+00:00,long,90850.0,90984.16,0.16605881775668832,,75.43221796597567,22.278450990237886,0.0001476719867914183,trailing_stop,150886.71438294157
BTCUSDT,2024-11-15,2024-11-15T08:06:00+00:00,2024-11-15T08:32:00+00:00,short,87588.0,87805.94,0.17226870619598753,,75.44335719147078,-37.544241828353925,-0.0002488240398228094,trailing_stop,150849.17014111322
BTCUSDT,2024-11-18,2024-11-18T08:14:00+00:00,2024-11-18T08:34:00+00:00,long,91983.15,91681.21425,0.1639965256039973,,75.42458507055662,-49.51641395563543,-0.0003282511525208581,trailing_stop,150799.6537271576
BTCUSDT,2024-11-19,2024-11-19T08:00:00+00:00,2024-11-19T09:02:00+00:00,short,91600.0,91858.03,0.16462844293357815,,75.3998268635788,-42.479077130150976,-0.00028169213973798995,trailing_stop,150757.17465002745
BTCUSDT,2024-11-20,2024-11-20T08:01:00+00:00,2024-11-20T09:33:00+00:00,long,92851.09,93205.72455,0.16236446405747898,,75.37858732501373,57.58004864701564,0.00038193902731782956,trailing_stop,150814.75469867446
BTCUSDT,2024-11-21,2024-11-21T08:06:00+00:00,2024-11-21T09:02:00+00:00,short,96912.0,97208.52,0.15562030986737913,,75.40737734933722,-46.14453428187589,-0.000305968301139182,trailing_stop,150768.6101643926
BTCUSDT,2024-11-22,2024-11-22T08:17:00+00:00,2024-11-22T11:25:00+00:00,short,98965.16,98714.6658,0.1523451385966461,,75.38430508219629,38.16157361665614,0.00025311351994985,trailing_stop,150806.77173800924
BTCUSDT,2024-11-25,2024-11-25T08:20:00+00:00,2024-11-25T10:20:00+00:00,long,98248.0,98380.56,0.15349602204422405,,75.40338586900462,20.34743268218198,0.00013492386613467723,trailing_stop,150827.1191706914
BTCUSDT,2024-11-26,2024-11-26T08:06:00+00:00,2024-11-26T08:24:00+00:00,short,93500.08,92891.0004,0.16131228889931581,,75.41355958534571,98.25202439787928,0.0006514214747195909,trailing_stop,150925.37119508928
BTCUSDT,2024-11-27,2024-11-27T08:25:00+00:00,2024-11-27T10:18:00+00:00,short,93305.46,93575.6473,0.1617540615469762,,75.46268559754463,-43.70389315340979,-0.0002895728717268962,trailing_stop,150881.66730193587
BTCUSDT,2024-11-28,2024-11-28T08:05:00+00:00,2024-11-28T08:31:00+00:00,short,95218.01,95566.09005,0.15845916891346068,,75.44083365096793,-55.156475438356495,-0.00036556114751821025,trailing_stop,150826.5108264975
BTCUSDT,2024-11-29,2024-11-29T08:37:00+00:00,2024-11-29T12:35:00+00:00,long,95935.32,97020.3234,0.15721687364622072,,75.41325541324876,170.5808424435178,0.0011309738686439853,trailing_stop,150997.09166894102
BTCUSDT,2024-12-02,2024-12-02T08:17:00+00:00,2024-12-02T09:13:00+00:00,short,95749.97,95350.74985,0.15769936185770192,,75.49854583447052,62.95676289573735,0.0004169402350726672,trailing_stop,151060.04843183677
BTCUSDT,2024-12-03,2024-12-03T08:47:00+00:00,2024-12-03T14:03:00+00:00,short,95323.0,94135.32500000001,0.1584717732675606,,75.53002421591839,188.2129633155482,0.0012459479873692483,trailing_stop,151248.2613951523
BTCUSDT,2024-12-04,2024-12-04T08:03:00+00:00,2024-12-04T10:49:00+00:00,long,96702.79,96466.48605,0.15640527165260934,,75.62413069757616,-36.95918349233255,-0.00024436104687360814,trailing_stop,151211.30221166
BTCUSDT,2024-12-05,2024-12-05T08:05:00+00:00,2024-12-05T09:37:00+00:00,long,102560.76,102646.9562,0.14743582458989185,,75.60565110582999,12.708407823516087,8.404403399507352e-05,trailing_stop,151224.0106194835
BTCUSDT,2024-12-06,2024-12-06T08:15:00+00:00,2024-12-06T09:05:00+00:00,long,98288.0,98213.79,0.15385806061725085,,75.61200530974176,-11.417806678407171,-7.550260459059743e-05,trailing_stop,151212.59281280512
BTCUSDT,2024-12-09,2024-12-09T08:51:00+00:00,2024-12-09T10:56:00+00:00,short,99000.0,98767.04,0.1527399927402072,,75.60629640640256,35.58230870875965,0.00023531313131313781,trailing_stop,151248.17512151386
BTCUSDT,2024-12-10,2024-12-10T08:23:00+00:00,2024-12-10T12:16:00+00:00,long,97244.29,97451.27855,0.15553424794557485,,75.62408756075693,32.19380845759644,0.00021285419431825675,trailing_stop,151280.36892997148
BTCUSDT,2024-12-11,2024-12-11T08:09:00+00:00,2024-12-11T08:51:00+00:00,long,97733.65,97983.90175,0.15478841620053224,,75.64018446498574,38.736072033913146,0.00025605484907195253,trailing_stop,151319.10500200538
BTCUSDT,2024-12-12,2024-12-12T08:02:00+00:00,2024-12-12T08:33:00+00:00,short,100496.47,100973.06235000001,0.1505715623663253,,75.6595525010027,-71.76125475133948,-0.00047423790109245263,trailing_stop,151247.34374725405
BTCUSDT,2024-12-13,2024-12-13T08:01:00+00:00,2024-12-13T12:13:00+00:00,long,100225.52,100287.8724,0.15090701823971983,,75.62367187362703,9.409414764088623,6.221209927370677e-05,trailing_stop,151256.75316201814
BTCUSDT,2024-12-16,2024-12-16T08:04:00+00:00,2024-12-16T12:16:00+00:00,short,104900.0,104125.02,0.14419137575025562,,75.62837658100908,111.7454323789325,0.0007387797902764498,trailing_stop,151368.49859439707
BTCUSDT,2024-12-17,2024-12-17T08:28:00+00:00,2024-12-17T10:19:00+00:00,long,107143.29,107014.30355,0.14127669459692443,,75.68424929719853,-18.222779303790997,-0.0001203868669703877,trailing_stop,151350.27581509328
BTCUSDT,2024-12-18,2024-12-18T08:06:00+00:00,2024-12-18T08:42:00+00:00,long,104317.82,103857.3309,0.14508573493492605,,75.67513790754664,-66.81039950302355,-0.00044142899075153805,trailing_stop,151283.46541559027
BTCUSDT,2024-12-19,2024-12-19T08:28:00+00:00,2024-12-19T12:33:00+00:00,long,101727.28,102101.0836,0.1487147453619032,,75.64173270779514,55.59010718936261,0.0003674565957135582,trailing_stop,151339.05552277964
BTCUSDT,2024-12-20,2024-12-20T08:03:00+00:00,2024-12-20T09:20:00+00:00,short,97658.38,95495.6119,0.15496781282136735,,75.66952776138983,335.1594420968245,0.002214626230744357,trailing_stop,151674.21496487648
BTCUSDT,2024-12-23,2024-12-23T08:28:00+00:00,2024-12-23T08:56:00+00:00,short,95187.24,95512.7062,0.15934301169450493,,75.83710748243824,-51.86076451276533,-0.0003419220895573769,trailing_stop,151622.3542003637
BTCUSDT,2024-12-24,2024-12-24T08:04:00+00:00,2024-12-24T09:12:00+00:00,long,94313.61,94164.13195,0.16076402355965771,,75.81117710018185,-24.030692751852524,-0.00015849043420138953,trailing_stop,151598.32350761187
BTCUSDT,2024-12-25,2024-12-25T08:07:00+00:00,2024-12-25T10:09:00+00:00,short,97964.66,98416.81330000001,0.15474797085766628,,75.79916175380593,-69.96980569159848,-0.0004615473579962462,trailing_stop,151528.35370192028
BTCUSDT,2024-12-26,2024-12-26T08:00:00+00:00,2024-12-26T08:44:00+00:00,short,97711.17,96104.73585,0.15507782140150433,,75.76417685096014,249.12230820697758,0.0016440639795839115,trailing_stop,151777.47601012725
BTCUSDT,2024-12-27,2024-12-27T08:16:00+00:00,2024-12-27T08:48:00+00:00,long,96054.85,95914.72575,0.15801125712041322,,75.88873800506363,-22.141208895556332,-0.00014587941160702246,trailing_stop,151755.3348012317
BTCUSDT,2024-12-30,2024-12-30T08:25:00+00:00,2024-12-30T11:05:00+00:00,long,93872.72,93599.1964,0.16166074105579523,,75.87766740061585,-44.21802787224898,-0.00029137709017060595,trailing_stop,151711.11677335945
BTCUSDT,2024-12-31,2024-12-31T08:09:00+00:00,2024-12-31T08:36:00+00:00,long,92910.03,94277.12985,0.16328820125594562,,75.85555838667973,223.23127544377286,0.0014714233221106469,trailing_stop,151934.34804880322
BTCUSDT,2025-01-01,2025-01-01T08:25:00+00:00,2025-01-01T09:51:00+00:00,short,93664.09,93356.32045,0.16221195129190197,,75.96717402440161,49.92389925373014,0.0003285886298580355,trailing_stop,151984.27194805696
BTCUSDT,2025-01-02,2025-01-02T08:04:00+00:00,2025-01-02T13:47:00+00:00,long,95880.0,96508.65000000001,0.15851509381315912,,75.99213597402849,99.65051372564386,0.0006556633291614609,trailing_stop,152083.9224617826
BTCUSDT,2025-01-03,2025-01-03T08:30:00+00:00,2025-01-03T09:34:00+00:00,short,96280.65,96581.41325,0.15795896938978146,,76.0419612308913,-47.50825300032176,-0.00031238182334664713,trailing_stop,152036.41420878228
BTCUSDT,2025-01-06,2025-01-06T08:04:00+00:00,2025-01-06T08:41:00+00:00,long,99473.97,99128.32015,0.15284040056788953,,76.01820710439114,-52.82926153023118,-0.00034747768687627684,trailing_stop,151983.58494725206
BTCUSDT,2025-01-07,2025-01-07T08:12:00+00:00,2025-01-07T14:43:00+00:00,short,101640.47,100715.96235,0.1495305806311719,,75.99179247362603,138.24216570246017,0.000909586161890042,trailing_stop,152121.82711295452
BTCUSDT,2025-01-08,2025-01-08T08:17:00+00:00,2025-01-08T09:53:00+00:00,long,95815.52,95653.3924,0.1587653306196684,,76.06091355647726,-25.740242016574477,-0.000169208078190263,trailing_stop,152096.08687093796
BTCUSDT,2025-01-09,2025-01-09T08:02:00+00:00,2025-01-09T08:37:00+00:00,short,93186.38,93215.9319,0.16321707836589205,,76.04804343546898,-4.823374778159584,-3.171268161719695e-05,trailing_stop,152091.2634961598
BTCUSDT,2025-01-10,2025-01-10T09:13:00+00:00,2025-01-10T11:27:00+00:00,long,94766.12,94819.5694,0.16049117922751277,,76.04563174807991,8.578157235002651,5.640138057778212e-05,trailing_stop,152099.8416533948
BTCUSDT,2025-01-13,2025-01-13T08:08:00+00:00,2025-01-13T09:38:00+00:00,short,93469.2,93111.456,0.16272723170134634,,76.0499208266974,58.214690777765064,0.0003827399827964629,trailing_stop,152158.05634417257
BTCUSDT,2025-01-14,2025-01-14T08:07:00+00:00,2025-01-14T08:26:00+00:00,long,95168.6,95274.157,0.1598826255132182,,76.07902817208628,16.876730301298885,0.00011091578524849656,trailing_stop,152174.93307447387
BTCUSDT,2025-01-15,2025-01-15T08:18:00+00:00,2025-01-15T12:41:00+00:00,short,97173.32,97006.8666,0.15660155799397804,,76.08746653723693,26.06686177339687,0.00017129537202188118,trailing_stop,152200.99993624727
BTCUSDT,2025-01-16,2025-01-16T08:16:00+00:00,2025-01-16T08:41:00+00:00,long,99816.34,99320.9183,0.1524810466264815,,76.10049996812364,-75.54241933746945,-0.0004963332656757318,trailing_stop,152125.4575169098
BTCUSDT,2025-01-17,2025-01-17T08:27:00+00:00,2025-01-17T09:51:00+00:00,long,101899.49,101778.50255,0.14928971432232863,,76.06272875845491,-18.0621818470871,-0.0001187321447830608,trailing_stop,152107.39533506273
BTCUSDT,2025-01-20,2025-01-20T08:58:00+00:00,2025-01-20T09:11:00+00:00,long,108300.0,108651.73,0.1404500418606304,,76.05369766753137,49.40049322363896,0.000324773776546626,trailing_stop,152156.79582828635
BTCUSDT,2025-01-21,2025-01-21T08:02:00+00:00,2025-01-21T08:09:00+00:00,short,101799.57,102249.81785,0.1494670319612218,,76.07839791414318,-67.29720978642136,-0.00044228855780039126,trailing_stop,152089.49861849993
BTCUSDT,2025-01-22,2025-01-22T08:02:00+00:00,2025-01-22T08:47:00+00:00,short,105043.88,105225.2194,0.1447866345174035,,76.04474930924997,-26.255521431404823,-0.0001726320467218053,trailing_stop,152063.24309706854
BTCUSDT,2025-01-23,2025-01-23T08:39:00+00:00,2025-01-23T11:00:00+00:00,short,102284.0,101773.7,0.14866767343579498,,76.03162154853428,75.86511375428661,0.000498905009581169,trailing_stop,152139.10821082283
BTCUSDT,2025-01-24,2025-01-24T08:12:00+00:00,2025-01-24T09:40:00+00:00,long,105131.08,105233.3446,0.14471373090699993,,76.06955410541141,14.799091805711257,9.727342285458777e-05,trailing_stop,152153.90730262853
BTCUSDT,2025-01-27,2025-01-27T09:06:00+00:00,2025-01-27T09:22:00+00:00,long,99367.73,99036.49135,0.15312205210145038,,76.07695365131427,-50.71994182331399,-0.00033334629864242583,trailing_stop,152103.18736080523
BTCUSDT,2025-01-28,2025-01-28T08:05:00+00:00,2025-01-28T09:56:00+00:00,short,102616.23,102907.02115,0.14822527329332333,,76.05159368040262,-43.102597680030456,-0.0002833773468388038,trailing_stop,152060.0847631252
BTCUSDT,2025-01-29,2025-01-29T08:02:00+00:00,2025-01-29T09:22:00+00:00,long,102792.0,102486.04,0.1479298824452537,,76.0300423815626,-45.26062683295077,-0.0002976496225387252,trailing_stop,152014.82413629224
BTCUSDT,2025-01-30,2025-01-30T08:01:00+00:00,2025-01-30T12:29:00+00:00,long,105348.0,105007.26,0.14429777891966838,,76.00741206814612,-49.16802518908856,-0.00032344230550177054,trailing_stop,151965.65611110316
BTCUSDT,2025-01-31,2025-01-31T09:01:00+00:00,2025-01-31T11:07:00+00:00,short,104013.63,104456.60815,0.14610167543532818,,75.98282805555158,-64.71984989624144,-0.0004258847133784248,trailing_stop,151900.93626120692
BTCUSDT,2025-02-03,2025-02-03T08:15:00+00:00,2025-02-03T08:36:00+00:00,long,95426.63,95157.25685,0.15918086624373817,,75.95046813060347,-42.87905135980433,-0.0002822829958471754,trailing_stop,151858.05720984712
BTCUSDT,2025-02-04,2025-02-04T08:01:00+00:00,2025-02-04T08:10:00+00:00,short,98316.27,98598.75134999999,0.15445872510200712,,75.92902860492356,-43.631709186091896,-0.0002873190266473568,trailing_stop,151814.42550066102
BTCUSDT,2025-02-05,2025-02-05T08:05:00+00:00,2025-02-05T09:00:00+00:00,long,97984.53,97548.07735,0.154937137016079,,75.90721275033052,-67.62272403407954,-0.00044543016127136814,trailing_stop,151746.80277662695
BTCUSDT,2025-02-06,2025-02-06T08:34:00+00:00,2025-02-06T09:11:00+00:00,short,98012.73,98400.07364999999,0.15482356503754865,,75.87340138831348,-59.96992478765575,-0.00039519728712790193,trailing_stop,151686.8328518393
BTCUSDT,2025-02-07,2025-02-07T08:00:00+00:00,2025-02-07T08:43:00+00:00,short,96645.45,97096.46725,0.1569518615225438,,75.84341642591966,-70.78799696627922,-0.00046667199542244824,trailing_stop,151616.04485487303
BTCUSDT,2025-02-10,2025-02-10T08:00:00+00:00,2025-02-10T12:30:00+00:00,long,97482.87,97467.27565,0.1555309613421035,,75.80802242743651,-2.4254042470051376,-1.5997015680805656e-05,trailing_stop,151613.61945062602
BTCUSDT,2025-02-11,2025-02-11T08:04:00+00:00,2025-02-11T14:08:00+00:00,short,98258.46,97086.6223,0.15430083012763074,,75.80680972531302,180.81552988485407,0.001192607435532781,trailing_stop,151794.43498051088
BTCUSDT,2025-02-12,2025-02-12T08:06:00+00:00,2025-02-12T10:50:00+00:00,long,96188.68,95988.8366,0.15780904258225698,,75.89721749025544,-31.537095620382686,-0.00020776186969194082,trailing_stop,151762.8978848905
BTCUSDT,2025-02-13,2025-02-13T08:16:00+00:00,2025-02-13T09:11:00+00:00,short,95901.0,96129.35500000001,0.15824954680857395,,75.88144894244525,-36.13707526147356,-0.00023811534811942576,trailing_stop,151726.76080962902
BTCUSDT,2025-02-14,2025-02-14T08:06:00+00:00,2025-02-14T13:33:00+00:00,short,96874.01,96934.71005,0.15662277303234276,,75.8633804048145,-9.507010154201772,-6.265875646109774e-05,trailing_stop,151717.25379947483
BTCUSDT,2025-02-17,2025-02-17T08:49:00+00:00,2025-02-17T14:28:00+00:00,long,96211.84,96565.5308,0.15769083493203626,,75.85862689973742,55.773797559779325,0.0003676167091285196,trailing_stop,151773.0275970346
BTCUSDT,2025-02-18,2025-02-18T08:02:00+00:00,2025-02-18T09:17:00+00:00,short,95298.06,95526.4903,0.1592614032195772,,75.88651379851731,-36.380130115870145,-0.00023970089212729754,trailing_stop,151736.64746691874
BTCUSDT,2025-02-19,2025-02-19T08:28:00+00:00,2025-02-19T14:42:00+00:00,long,95846.15,96220.76925,0.1583127204033952,,75.86832373345938,59.30699258298014,0.0003908547709010779,trailing_stop,151795.95445950172
BTCUSDT,2025-02-20,2025-02-20T08:07:00+00:00,2025-02-20T10:39:00+00:00,short,96804.0,97285.63,0.15680752289110134,,75.89797722975086,-75.52320725004186,-0.0004975310937564612,trailing_stop,151720.43125225167
BTCUSDT,2025-02-21,2025-02-21T08:01:00+00:00,2025-02-21T09:18:00+00:00,short,98172.0,98640.86,0.15454552342037614,,75.86021562612584,-72.46021411087764,-0.0004775903516277559,trailing_stop,151647.9710381408
BTCUSDT,2025-02-24,2025-02-24T08:04:00+00:00,2025-02-24T08:26:00+00:00,long,95945.0,95465.275,0.15805719009655617,,75.8239855190704,-75.82398551907133,-0.0005000000000000062,trailing_stop,151572.14705262173
BTCUSDT,2025-02-25,2025-02-25T09:10:00+00:00,2025-02-25T09:36:00+00:00,short,89357.88,88995.87939999999,0.1696237053213681,,75.78607352631087,61.40388310056081,0.0004051132367956961,trailing_stop,151633.5509357223
BTCUSDT,2025-02-26,2025-02-26T08:09:00+00:00,2025-02-26T09:02:00+00:00,short,88399.43,88579.99715,0.1715322722507626,,75.81677546786115,-30.97309353334473,-0.00020426279897958912,trailing_stop,151602.57784218897
BTCUSDT,2025-02-27,2025-02-27T08:16:00+00:00,2025-02-27T09:03:00+00:00,short,86175.89,86330.87945,0.17592226531363814,,75.80128892109448,-27.266095143713738,-0.00017985245061001825,trailing_stop,151575.31174704526
BTCUSDT,2025-02-28,2025-02-28T08:12:00+00:00,2025-02-28T08:21:00+00:00,short,78820.06,78797.12030000001,0.19230550160332946,,75.78765587352262,4.411430515127605,2.9103885482944417e-05,trailing_stop,151579.72317756037
BTCUSDT,2025-03-03,2025-03-03T08:27:00+00:00,2025-03-03T08:41:00+00:00,short,91641.5,92096.8175,0.1654051092327825,,75.78986158878018,-75.31184082309822,-0.000496846406922633,trailing_stop,151504.41133673728
BTCUSDT,2025-03-04,2025-03-04T08:00:00+00:00,2025-03-04T08:17:00+00:00,short,83140.0,83455.98999999999,0.18222806270957095,,75.75220566836865,-57.582245535595625,-0.000380069761847475,trailing_stop,151446.82909120168
BTCUSDT,2025-03-05,2025-03-05T08:03:00+00:00,2025-03-05T09:38:00+00:00,long,87699.0,88391.185,0.17268934547851367,,75.72341454560085,119.53297460004458,0.0007892735378966667,trailing_stop,151566.36206580172
BTCUSDT,2025-03-06,2025-03-06T08:02:00+00:00,2025-03-06T10:15:00+00:00,short,91265.96,91069.4998,0.16607107629810908,,75.78318103290086,32.626356863742,0.00021526119924668668,trailing_stop,151598.98842266545
BTCUSDT,2025-03-07,2025-03-07T08:08:00+00:00,2025-03-07T08:50:00+00:00,short,88123.99,88425.91995,0.1720291925305078,,75.79949421133273,-51.94076549927498,-0.0003426194728586286,trailing_stop,151547.04765716617
BTCUSDT,2025-03-10,2025-03-10T08:07:00+00:00,2025-03-10T09:01:00+00:00,short,82048.44,81561.2422,0.18470436202951104,,75.77352382858308,89.98755883118298,0.0005937928862511084,trailing_stop,151637.03521599734
BTCUSDT,2025-03-11,2025-03-11T08:07:00+00:00,2025-03-11T08:56:00+00:00,long,80614.89,81122.54555,0.18810052983511774,,75.81851760799867,95.49027792873733,0.0006297292596938307,trailing_stop,151732.52549392608
BTCUSDT,2025-03-12,2025-03-12T08:00:00+00:00,2025-03-12T08:16:00+00:00,long,82541.47,82429.11265000001,0.18382580961294495,,75.86626274696305,-20.65418082971339,-0.000136122303128344,trailing_stop,151711.87131309637
BTCUSDT,2025-03-13,2025-03-13T08:14:00+00:00,2025-03-13T08:48:00+00:00,short,83127.98,82815.67989999999,0.18250397918137354,,75.85593565654818,56.996010948742274,0.00037568590022277415,trailing_stop,151768.8673240451
BTCUSDT,2025-03-14,2025-03-14T08:16:00+00:00,2025-03-14T13:42:00+00:00,long,82454.5,83387.7275,0.184063777385158,,75.88443366202256,171.77337880970637,0.0011318090583291314,trailing_stop,151940.6407028548
BTCUSDT,2025-03-17,2025-03-17T08:18:00+00:00,2025-03-17T08:46:00+00:00,short,83237.01,83637.36505,0.1825397629045719,,75.9703203514274,-73.08071590464772,-0.00048098201749437934,trailing_stop,151867.55998695016
BTCUSDT,2025-03-18,2025-03-18T08:04:00+00:00,2025-03-18T09:50:00+00:00,long,83280.0,83035.90000000001,0.18235778096415725,,75.93377999347508,-44.51353433334919,-0.0002931075888568579,trailing_stop,151823.0464526168
BTCUSDT,2025-03-19,2025-03-19T08:10:00+00:00,2025-03-19T11:05:00+00:00,long,83364.16,83383.1792,0.18212028580701442,,75.9115232263084,3.463782139819891,2.2814600423005737e-05,trailing_stop,151826.51023475663
BTCUSDT,2025-03-20,2025-03-20T08:08:00+00:00,2025-03-20T08:46:00+00:00,short,85727.64,86133.8182,0.17710333590748167,,75.91325511737831,-71.93551419289535,-0.0004738007485100427,trailing_stop,151754.57472056375
BTCUSDT,2025-03-21,2025-03-21T09:21:00+00:00,2025-03-21T10:33:00+00:00,long,84030.72,83917.5064,0.18059416213566148,,75.87728736028187,-20.445715234362424,-0.0001347288229828362,trailing_stop,151734.1290053294
BTCUSDT,2025-03-24,2025-03-24T08:09:00+00:00,2025-03-24T12:01:00+00:00,long,87113.12,87474.4244,0.17418057005113516,,75.8670645026647,62.93220635398478,0.00041475313936638737,trailing_stop,151797.06121168338
BTCUSDT,2025-03-25,2025-03-25T08:23:00+00:00,2025-03-25T12:38:00+00:00,long,86573.31,87067.13345,0.17533932942113842,,75.89853060584169,86.58667257543242,0.0005704107305126674,trailing_stop,151883.64788425883
BTCUSDT,2025-03-26,2025-03-26T08:45:00+00:00,2025-03-26T13:38:00+00:00,short,88004.95,87824.78474999999,0.17258534648819054,,75.94182394212942,31.093882096382416,0.00020472172303944892,trailing_stop,151914.7417663552
BTCUSDT,2025-03-27,2025-03-27T08:00:00+00:00,2025-03-27T10:47:00+00:00,long,87439.3,87160.4035,0.17373737182977814,,75.9573708831776,-48.45474492252416,-0.00031896012433768633,trailing_stop,151866.28702143268
BTCUSDT,2025-03-28,2025-03-28T08:00:00+00:00,2025-03-28T11:54:00+00:00,short,85162.48,85225.8124,0.17832534588169896,,75.93314351071635,-11.29377213551799,-7.436655203089357e-05,trailing_stop,151854.99324929717
BTCUSDT,2025-03-31,2025-03-31T07:04:00+00:00,2025-03-31T07:34:00+00:00,long,82243.92,81892.3604,0.18463978036224096,,75.92749662464858,-64.91188732823603,-0.0004274596833419336,trailing_stop,151790.08136196894
BTCUSDT,2025-04-01,2025-04-01T07:01:00+00:00,2025-04-01T11:02:00+00:00,long,83494.25,84087.26875,0.18179704753557158,,75.89504068098448,107.80905788323577,0.0007102510053087524,trailing_stop,151897.8904198522
BTCUSDT,2025-04-02,2025-04-02T07:31:00+00:00,2025-04-02T09:23:00+00:00,long,84371.59,85028.14205,0.18003440544364777,,75.9489452099261,118.20195796455782,0.000778167212446747,trailing_stop,152016.09237781676
BTCUSDT,2025-04-03,2025-04-03T07:20:00+00:00,2025-04-03T07:33:00+00:00,short,83008.74,83415.0437,0.18313263444044175,,76.00804618890838,-74.407466963897,-0.0004894709882356839,trailing_stop,151941.68491085287
BTCUSDT,2025-04-04,2025-04-04T07:09:00+00:00,2025-04-04T09:04:00+00:00,long,83264.16,84233.6792,0.18248149613333378,,75.97084245542644,176.919314145992,0.001164389576499655,trailing_stop,152118.60422499885
BTCUSDT,2025-04-07,2025-04-07T07:04:00+00:00,2025-04-07T07:06:00+00:00,short,74555.0,74880.775,0.20403541576688194,,76.05930211249942,-66.46963757145478,-0.00043695929179799365,trailing_stop,152052.1345874274
BTCUSDT,2025-04-08,2025-04-08T07:07:00+00:00,2025-04-08T07:21:00+00:00,short,79279.5,79616.2975,0.19179249943229634,,76.0260672937137,-64.59523432754894,-0.0004248229365725068,trailing_stop,151987.53935309986
BTCUSDT,2025-04-09,2025-04-09T07:02:00+00:00,2025-04-09T07:07:00+00:00,long,77317.89,77338.52055,0.19657486689445336,,75.99376967654993,4.055447620209694,2.668276384676519e-05,trailing_stop,151991.59480072008
BTCUSDT,2025-04-10,2025-04-10T07:28:00+00:00,2025-04-10T07:49:00+00:00,short,81838.03,81702.18015,0.18572245055351416,,75.99579740036005,25.230367049327075,0.00016599843617936394,trailing_stop,152016.8251677694
BTCUSDT,2025-04-11,2025-04-11T07:08:00+00:00,2025-04-11T07:37:00+00:00,short,80970.48,81254.8524,0.18774351488069405,,76.00841258388469,-53.38907391106008,-0.00035120503175973205,trailing_stop,151963.43609385833
BTCUSDT,2025-04-14,2025-04-14T07:00:00+00:00,2025-04-14T07:14:00+00:00,long,84644.91,84363.84545000001,0.179530507025004,,75.98171804692916,-50.45966116825378,-0.0003320513306706753,trailing_stop,151912.97643269008
BTCUSDT,2025-04-15,2025-04-15T07:22:00+00:00,2025-04-15T10:36:00+00:00,long,85677.49,85571.61255,0.1773079211735662,,75.95648821634504,-18.77291055865819,-0.00012357674110200935,trailing_stop,151894.20352213143
BTCUSDT,2025-04-16,2025-04-16T07:00:00+00:00,2025-04-16T07:27:00+00:00,long,83749.98,83348.52010000001,0.18136625647209878,,75.94710176106571,-72.81127918666078,-0.00047935521895048464,trailing_stop,151821.39224294477
BTCUSDT,2025-04-17,2025-04-17T07:29:00+00:00,2025-04-17T07:52:00+00:00,long,84872.5,84629.0175,0.17888172522659845,,75.91069612147238,-43.554569662484944,-0.000286880320480719,trailing_stop,151777.83767328228
BTCUSDT,2025-04-18,2025-04-18T07:19:00+00:00,2025-04-18T14:59:00+00:00,short,84592.01,84583.13,0.17942337305057804,,75.88891883664114,1.5932795526873575,1.0497445326089431e-05,session_close,151779.43095283495
BTCUSDT,2025-04-21,2025-04-21T07:27:00+00:00,2025-04-21T09:07:00+00:00,short,87370.32,87770.1816,0.17371966927995108,,75.88971547641748,-69.46382490975023,-0.0004576629683855906,trailing_stop,151709.9671279252
BTCUSDT,2025-04-22,2025-04-22T07:19:00+00:00,2025-04-22T10:25:00+00:00,long,88284.93,88246.57535,0.17184129514281224,,75.85498356396259,-6.590912730748207,-4.344416425316739e-05,trailing_stop,151703.37621519444
BTCUSDT,2025-04-23,2025-04-23T07:07:00+00:00,2025-04-23T07:58:00+00:00,short,93558.27,93958.69135,0.16214854786775604,,75.85168810759723,-64.92774043774482,-0.0004279914004395225,trailing_stop,151638.4484747567
BTCUSDT,2025-04-24,2025-04-24T07:27:00+00:00,2025-04-24T09:02:00+00:00,short,92300.0,92121.51,0.16428867657070065,,75.81922423737835,29.32388588110522,0.00019338028169014652,trailing_stop,151667.7723606378
BTCUSDT,2025-04-25,2025-04-25T07:00:00+00:00,2025-04-25T12:26:00+00:00,long,93612.57,94521.93715,0.16201646035424283,,75.83388618031891,147.33244680542433,0.0009714156442879316,trailing_stop,151815.10480744325
BTCUSDT,2025-04-28,2025-04-28T07:27:00+00:00,2025-04-28T10:21:00+00:00,long,94670.46,94414.6377,0.1603616426997854,,75.90755240372162,-41.02408426723728,-0.00027022399595396474,trailing_stop,151774.080723176
BTCUSDT,2025-04-29,2025-04-29T07:17:00+00:00,2025-04-29T12:51:00+00:00,long,94811.29,94811.65355,0.16008017686836243,,75.887040361588,0.05819714830195421,3.8344589553535976e-07,trailing_stop,151774.1389203243
BTCUSDT,2025-04-30,2025-04-30T07:08:00+00:00,2025-04-30T09:42:00+00:00,short,94745.4,94973.727,0.1601915648889807,,75.88706946016215,-36.576059436407064,-0.00024099006389756634,trailing_stop,151737.5628608879
BTCUSDT,2025-05-01,2025-05-01T07:01:00+00:00,2025-05-01T09:20:00+00:00,short,94806.23,95274.03115,0.16005020225030353,,75.86878143044396,-74.87166867042447,-0.00049342870189016,trailing_stop,151662.6911922175
BTCUSDT,2025-05-02,2025-05-02T07:05:00+00:00,2025-05-02T10:19:00+00:00,short,96562.98,96832.8149,0.1570609059416119,,75.83134559610875,-42.38051384866451,-0.0002794392840817482,trailing_stop,151620.3106783688
BTCUSDT,2025-05-05,2025-05-05T07:00:00+00:00,2025-05-05T10:35:00+00:00,long,94774.11,94351.58945,0.1599807275197507,,75.8101553391844,-67.59514498104538,-0.0004458185363070158,trailing_stop,151552.71553338776
BTCUSDT,2025-05-06,2025-05-06T07:00:00+00:00,2025-05-06T08:16:00+00:00,long,94498.12,94165.51939999999,0.16037643450831376,,75.77635776669388,-53.3412983433267,-0.0003519653089394849,trailing_stop,151499.37423504444
BTCUSDT,2025-05-07,2025-05-07T07:08:00+00:00,2025-05-07T13:30:00+00:00,long,96667.55,96716.66225,0.15672205847261508,,75.74968711752221,7.696972916220285,5.080531160662604e-05,trailing_stop,151507.07120796066
BTCUSDT,2025-05-08,2025-05-08T07:00:00+00:00,2025-05-08T12:02:00+00:00,long,99040.0,99392.8,0.15297563732629307,,75.75353560398032,53.96980484871664,0.0003562197092084036,trailing_stop,151561.04101280938
BTCUSDT,2025-05-09,2025-05-09T07:00:00+00:00,2025-05-09T07:51:00+00:00,long,103261.71,103844.99145,0.14677370829207587,,75.78052050640468,85.6103813944783,0.0005648574384445065,trailing_stop,151646.65139420386
BTCUSDT,2025-05-12,2025-05-12T07:00:00+00:00,2025-05-12T07:07:00+00:00,long,104411.58,105297.3921,0.14523930333608961,,75.82332569710194,128.6547322906779,0.0008483849205231793,trailing_stop,151775.30612649454
BTCUSDT,2025-05-13,2025-05-13T07:04:00+00:00,2025-05-13T13:46:00+00:00,long,102688.77,103452.55615,0.1478012699212334,,75.88765306324727,112.88856291824965,0.0007437874170661504,trailing_stop,151888.1946894128
BTCUSDT,2025-05-14,2025-05-14T07:03:00+00:00,2025-05-14T09:52:00+00:00,short,103662.82,103393.5341,0.1465213802686564,,75.9440973447064,39.45614175488776,0.0002597709574175221,trailing_stop,151927.6508311677
BTCUSDT,2025-05-15,2025-05-15T07:12:00+00:00,2025-05-15T08:32:00+00:00,short,102140.0,102234.87,0.14874451814290945,,75.96382541558386,-14.111392436217127,-9.288231838652374e-05,trailing_stop,151913.53943873147
BTCUSDT,2025-05-16,2025-05-16T07:03:00+00:00,2025-05-16T09:06:00+00:00,short,103861.97,103619.79985000001,0.14626483537596244,,75.95676971936574,35.420977122720785,0.00023316537323525718,trailing_stop,151948.9604158542
BTCUSDT,2025-05-19,2025-05-19T07:23:00+00:00,2025-05-19T10:07:00+00:00,long,102791.96,102911.5702,0.14782183394095624,,75.9744802079271,17.680999122043904,0.00011636143527178147,trailing_stop,151966.64141497624
BTCUSDT,2025-05-20,2025-05-20T07:04:00+00:00,2025-05-20T09:51:00+00:00,short,105381.02,105374.0651,0.1442068423848775,,75.98332070748812,1.0029441681021514,6.5997653087785595e-06,trailing_stop,151967.64435914435
BTCUSDT,2025-05-21,2025-05-21T07:15:00+00:00,2025-05-21T11:19:00+00:00,short,107321.17,106636.61585,0.14160080845106732,,75.98382217957217,96.93342106853268,0.0006378556532695238,trailing_stop,152064.5777802129
BTCUSDT,2025-05-22,2025-05-22T07:03:00+00:00,2025-05-22T07:17:00+00:00,short,110478.26,111014.2613,0.1376420825058368,,76.03228889010644,-73.77633515783626,-0.00048516450204773634,trailing_stop,151990.80144505505
BTCUSDT,2025-05-23,2025-05-23T07:12:00+00:00,2025-05-23T10:16:00+00:00,long,110723.14,110827.9943,0.13727103606802973,,75.99540072252753,14.39345839718888,9.46995361583914e-05,trailing_stop,152005.19490345224
BTCUSDT,2025-05-26,2025-05-26T07:04:00+00:00,2025-05-26T08:45:00+00:00,long,109951.2,109678.354,0.1382478726048031,,76.00259745172612,-37.72037904872879,-0.0002481519073916342,trailing_stop,151967.47452440351
BTCUSDT,2025-05-27,2025-05-27T07:31:00+00:00,2025-05-27T13:34:00+00:00,long,109290.03,110171.54985,0.13904971434668242,,75.98373726220176,122.57508333342992,0.0008065876182850321,trailing_stop,152090.04960773693
BTCUSDT,2025-05-28,2025-05-28T07:07:00+00:00,2025-05-28T09:28:00+00:00,long,108891.63,108585.98185,0.13967101934991416,,76.04502480386847,-42.690188672916605,-0.00028069021466572606,trailing_stop,152047.359419064
BTCUSDT,2025-05-29,2025-05-29T07:12:00+00:00,2025-05-29T13:17:00+00:00,long,107945.47,108352.18265,0.14085571114662246,,76.023679709532,57.287799548077544,0.0003767760240425108,trailing_stop,152104.64721861208
BTCUSDT,2025-05-30,2025-05-30T07:08:00+00:00,2025-05-30T08:30:00+00:00,short,105535.07,105255.39535,0.14412711074964185,,76.05232360930604,40.30869925441744,0.00026500636234002667,trailing_stop,152144.9559178665
BTCUSDT,2025-06-02,2025-06-02T07:03:00+00:00,2025-06-02T08:50:00+00:00,long,105266.87,105409.29565,0.14453261117943994,,76.07247795893325,20.585151093429676,0.00013529959615974588,trailing_stop,152165.54106895992
BTCUSDT,2025-06-03,2025-06-03T07:21:00+00:00,2025-06-03T12:15:00+00:00,short,105218.0,105398.59,0.14461930569765621,,76.08277053447996,-26.11680041593923,-0.00017163413104221377,trailing_stop,152139.42426854398
BTCUSDT,2025-06-04,2025-06-04T07:49:00+00:00,2025-06-04T11:25:00+00:00,long,105379.57,105473.10215,0.14437278902214534,,76.069712134272,13.50349735873752,8.875738437725556e-05,trailing_stop,152152.9277659027
BTCUSDT,2025-06-05,2025-06-05T08:08:00+00:00,2025-06-05T13:39:00+00:00,long,104636.46,105386.5277,0.14541100469750476,,76.07646388295136,109.06809784814654,0.0007168320679044374,trailing_stop,152261.99586375087
BTCUSDT,2025-06-06,2025-06-06T07:06:00+00:00,2025-06-06T12:41:00+00:00,long,103210.06,103783.9497,0.14752631270997313,,76.13099793187544,84.66383134323263,0.0005560404673730447,trailing_stop,152346.6596950941
BTCUSDT,2025-06-09,2025-06-09T07:00:00+00:00,2025-06-09T13:36:00+00:00,long,105692.84,107461.5358,0.14414094625056353,,76.17332984754705,254.94148624139766,0.001673430101793084,trailing_stop,152601.60118133549
BTCUSDT,2025-06-10,2025-06-10T07:34:00+00:00,2025-06-10T11:16:00+00:00,short,109291.41,109603.35704999999,0.1396281749694102,,76.30080059066775,-43.55659727858967,-0.0002854268693211918,trailing_stop,152558.0445840569
BTCUSDT,2025-06-11,2025-06-11T07:03:00+00:00,2025-06-11T11:39:00+00:00,long,109679.24,109196.89379999999,0.13909473167762365,,76.27902229202844,-67.09181526472341,-0.0004397789408460657,trailing_stop,152490.95276879217
BTCUSDT,2025-06-12,2025-06-12T07:27:00+00:00,2025-06-12T12:44:00+00:00,short,107740.0,107408.7,0.14153606160088375,,76.24547638439608,46.8908972083732,0.0003074995359198096,trailing_stop,152537.84366600052
BTCUSDT,2025-06-13,2025-06-13T07:25:00+00:00,2025-06-13T08:43:00+00:00,long,104722.5,104910.7275,0.14565909299911722,,76.26892183300026,27.417046927490404,0.00017973931103630413,trailing_stop,152565.26071292802
BTCUSDT,2025-06-16,2025-06-16T07:27:00+00:00,2025-06-16T11:17:00+00:00,long,106764.82,106728.4859,0.14289843856143625,,76.28263035646401,-5.192086156536125,-3.4031903018248244e-05,trailing_stop,152560.06862677148
BTCUSDT,2025-06-17,2025-06-17T07:13:00+00:00,2025-06-17T14:10:00+00:00,short,106724.0,105533.62,0.14294822966415377,,76.28003431338574,170.16271362761603,0.001115381732318883,trailing_stop,152730.2313403991
BTCUSDT,2025-06-18,2025-06-18T07:06:00+00:00,2025-06-18T08:08:00+00:00,short,104859.18,105237.5359,0.14565270426528143,,76.36511567019956,-55.108560009725785,-0.0003608228673922585,trailing_stop,152675.12278038939
BTCUSDT,2025-06-19,2025-06-19T07:19:00+00:00,2025-06-19T13:38:00+00:00,long,104848.49,104549.28755,0.14561499434125313,,76.3375613901947,-43.56836306364076,-0.00028536648453402765,trailing_stop,152631.55441732574
BTCUSDT,2025-06-20,2025-06-20T07:15:00+00:00,2025-06-20T08:44:00+00:00,long,104763.8,106000.83099999999,0.14569112080444363,,76.31577720866287,180.22443285983996,0.0011807809567808611,trailing_stop,152811.77885018557
BTCUSDT,2025-06-23,2025-06-23T07:09:00+00:00,2025-06-23T09:21:00+00:00,long,102064.69,101626.67655,0.14972051436220063,,76.40588942509278,-65.57959903156183,-0.0004291527755583233,trailing_stop,152746.199251154
BTCUSDT,2025-06-24,2025-06-24T07:30:00+00:00,2025-06-24T08:30:00+00:00,short,105420.97,105149.12485000001,0.14489166553025834,,76.373099625577,39.388096549822,0.00025786629548181327,trailing_stop,152785.5873477038
BTCUSDT,2025-06-25,2025-06-25T07:24:00+00:00,2025-06-25T14:17:00+00:00,long,106461.04,107602.9948,0.1435131456049122,,76.39279367385191,163.88552548662938,0.0010726504268603865,trailing_stop,152949.47287319045
BTCUSDT,2025-06-26,2025-06-26T07:02:00+00:00,2025-06-26T09:08:00+00:00,long,107813.57,107635.79215,0.1418647697810122,,76.47473643659522,-25.220413762415184,-0.0001648937605906317,trailing_stop,152924.25245942804
BTCUSDT,2025-06-27,2025-06-27T07:10:00+00:00,2025-06-27T07:36:00+00:00,long,107385.24,107198.4138,0.14240714315992406,,76.46212622971402,-26.60538540942609,-0.00017397754104755034,trailing_stop,152897.6470740186
BTCUSDT,2025-06-30,2025-06-30T07:04:00+00:00,2025-06-30T11:23:00+00:00,short,107518.88,107937.5944,0.14220539413544728,,76.4488235370093,-59.54344628218691,-0.0003894333720738135,trailing_stop,152838.10362773642
BTCUSDT,2025-07-01,2025-07-01T07:01:00+00:00,2025-07-01T09:18:00+00:00,long,106923.01,106644.37495000001,0.1429422007739367,,76.41905181386821,-39.82870725975341,-0.00026059409476031646,trailing_stop,152798.27492047666
BTCUSDT,2025-07-02,2025-07-02T07:00:00+00:00,2025-07-02T12:15:00+00:00,long,107014.39,107325.15805,0.14278292379228313,,76.39913746023834,44.37237080022626,0.0002903983753960554,trailing_stop,152842.6472912769
BTCUSDT,2025-07-03,2025-07-03T07:12:00+00:00,2025-07-03T09:18:00+00:00,short,109237.85,109692.38925,0.13991729724749882,,76.42132364563845,-63.59790335290337,-0.0004161005091183936,trailing_stop,152779.049387924
BTCUSDT,2025-07-04,2025-07-04T07:00:00+00:00,2025-07-04T08:12:00+00:00,long,109028.98,108599.1851,0.14012700970689076,,76.389524693962,-60.225874124271236,-0.00039420244048875215,trailing_stop,152718.82351379973
BTCUSDT,2025-07-07,2025-07-07T07:07:00+00:00,2025-07-07T13:58:00+00:00,short,108769.23,108563.07615,0.14040627437906816,,76.35941175689986,28.9452940274016,0.00018953324391466448,trailing_stop,152747.76880782712
BTCUSDT,2025-07-08,2025-07-08T07:35:00+00:00,2025-07-08T14:11:00+00:00,long,108392.05,108674.59975,0.14092156095195832,,76.37388440391356,39.81735181658432,0.0002606738686093593,trailing_stop,152787.5861596437
BTCUSDT,2025-07-09,2025-07-09T07:00:00+00:00,2025-07-09T13:55:00+00:00,long,108860.0,109225.09,0.14035236648874125,,76.39379307982185,51.24124548137405,0.00033537571192356844,trailing_stop,152838.82740512505
BTCUSDT,2025-07-10,2025-07-10T07:08:00+00:00,2025-07-10T10:46:00+00:00,long,111306.49,110875.92755000001,0.1373134912484663,,76.41941370256252,-59.122033209992885,-0.000386826006282291,trailing_stop,152779.70537191504
BTCUSDT,2025-07-11,2025-07-11T07:00:00+00:00,2025-07-11T07:38:00+00:00,short,117602.22,118056.5411,0.12991226302693523,,76.38985268595752,-59.02188224188668,-0.00038632017320761546,trailing_stop,152720.68348967316
BTCUSDT,2025-07-14,2025-07-14T07:23:00+00:00,2025-07-14T08:02:00+00:00,long,122445.51,122605.77245,0.12472542561150111,,76.36034174483657,19.988802285793074,0.00013088470945158323,trailing_stop,152740.67229195897
BTCUSDT,2025-07-15,2025-07-15T07:03:00+00:00,2025-07-15T07:40:00+00:00,long,117204.5,116684.8375,0.13031980196320017,,76.37033614597948,-67.72231408770227,-0.0004433810135276425,trailing_stop,152672.94997787126
BTCUSDT,2025-07-16,2025-07-16T07:01:00+00:00,2025-07-16T11:02:00+00:00,long,118285.15,118719.32425,0.12907195026414667,,76.33647498893563,56.0397172019746,0.0003670572764205913,trailing_stop,152728.98969507325
BTCUSDT,2025-07-17,2025-07-17T07:00:00+00:00,2025-07-17T07:41:00+00:00,short,118341.55,118448.73775,0.12905779051826957,,76.36449484753663,-13.833414185624303,-9.057490796765575e-05,trailing_stop,152715.15628088763
BTCUSDT,2025-07-18,2025-07-18T07:12:00+00:00,2025-07-18T10:46:00+00:00,short,120075.04,118995.3752,0.1271830984032049,,76.35757814044382,137.31511450087638,0.0008991583929516066,trailing_stop,152852.4713953885
BTCUSDT,2025-07-21,2025-07-21T07:04:00+00:00,2025-07-21T08:39:00+00:00,long,119241.57,119080.52214999999,0.1281872348673273,,76.42623569769425,-20.644278572830302,-0.000135060155615208,trailing_stop,152831.82711681566
BTCUSDT,2025-07-22,2025-07-22T07:00:00+00:00,2025-07-22T07:56:00+00:00,long,117847.77,118005.31115000001,0.12968580323311646,,76.41591355840784,20.430850580019477,0.0001336819101456095,trailing_stop,152852.25796739568
BTCUSDT,2025-07-23,2025-07-23T07:49:00+00:00,2025-07-23T11:07:00+00:00,short,118342.25,118435.95125,0.1291611896574517,,76.42612898369784,-12.102564922390071,-7.917818868578063e-05,trailing_stop,152840.1554024733
BTCUSDT,2025-07-24,2025-07-24T07:01:00+00:00,2025-07-24T07:11:00+00:00,short,117380.03,117690.00015,0.13020967485054594,,76.42007770123665,-40.36111244487603,-0.00026407400815965735,trailing_stop,152799.79429002843
BTCUSDT,2025-07-25,2025-07-25T07:00:00+00:00,2025-07-25T07:14:00+00:00,short,115200.0,115518.87,0.13263871032120522,,76.39989714501421,-42.29450556012209,-0.0002767968749999959,trailing_stop,152757.4997844683
BTCUSDT,2025-07-28,2025-07-28T07:00:00+00:00,2025-07-28T12:23:00+00:00,short,119440.0,119072.67,0.12789475869429698,,76.37874989223415,46.97958171117633,0.00030754353650368536,trailing_stop,152804.47936617947
BTCUSDT,2025-07-29,2025-07-29T07:36:00+00:00,2025-07-29T12:26:00+00:00,short,118764.85,118754.69425,0.12866136686585253,,76.40223968308973,1.3066526765485709,8.551141183612285e-06,trailing_stop,152805.78601885602
BTCUSDT,2025-07-30,2025-07-30T07:05:00+00:00,2025-07-30T11:17:00+00:00,long,118326.56,117890.17719999999,0.12913904200278958,,76.40289300942801,-56.35405673849579,-0.0003687953068186946,trailing_stop,152749.43196211752
BTCUSDT,2025-07-31,2025-07-31T07:01:00+00:00,2025-07-31T11:52:00+00:00,long,118725.59,118328.82205,0.12865754717421707,,76.37471598105877,-51.047191244341626,-0.0003341890741498897,trailing_stop,152698.38477087318
BTCUSDT,2025-08-01,2025-08-01T07:09:00+00:00,2025-08-01T08:46:00+00:00,short,115065.55,114691.32775,0.13270556197825778,,76.3491923854366,49.6613739910189,0.0003252252737678708,trailing_stop,152748.0461448642
BTCUSDT,2025-08-04,2025-08-04T07:10:00+00:00,2025-08-04T13:27:00+00:00,long,114482.49,114206.08755,0.13342481120463417,,76.37402307243211,-36.8789447077495,-0.00024143644150298327,trailing_stop,152711.16720015646
BTCUSDT,2025-08-05,2025-08-05T07:34:00+00:00,2025-08-05T08:23:00+00:00,short,114105.71,114296.24855,0.1338330633937219,,76.35558360007823,-25.50035784109751,-0.00016698423768626258,trailing_stop,152685.66684231538
BTCUSDT,2025-08-06,2025-08-06T07:12:00+00:00,2025-08-06T08:46:00+00:00,long,114200.0,113729.0,0.13370023366227266,,76.34283342115769,-62.97281005493042,-0.0004124343257443082,trailing_stop,152622.69403226045
BTCUSDT,2025-08-07,2025-08-07T07:14:00+00:00,2025-08-07T12:44:00+00:00,long,114784.0,116255.01,0.13296512931441704,,76.31134701613023,195.5930348727999,0.001281546208530801,trailing_stop,152818.28706713326
BTCUSDT,2025-08-08,2025-08-08T07:15:00+00:00,2025-08-08T10:49:00+00:00,long,116763.44,116389.4828,0.13087854132006838,,76.40914353356663,-48.94297285213764,-0.00032026908422705283,trailing_stop,152769.3440942811
BTCUSDT,2025-08-11,2025-08-11T07:22:00+00:00,2025-08-11T08:37:00+00:00,short,121966.64,121817.17319999999,0.12525502391004711,,76.38467204714055,18.721467607759386,0.00012254728014152822,trailing_stop,152788.06556188888
BTCUSDT,2025-08-12,2025-08-12T07:05:00+00:00,2025-08-12T09:25:00+00:00,long,119032.0,118554.84,0.12835881574861288,,76.39403278094444,-61.247692522608574,-0.0004008669937495829,trailing_stop,152726.81786936626
BTCUSDT,2025-08-13,2025-08-13T07:00:00+00:00,2025-08-13T13:42:00+00:00,long,119416.22,120171.3689,0.1278945338157298,,76.36340893468314,96.57941652696117,0.0006323671105985437,trailing_stop,152823.3972858932
BTCUSDT,2025-08-14,2025-08-14T07:39:00+00:00,2025-08-14T10:39:00+00:00,long,121929.62,121438.14189999999,0.12533738503071953,,76.4116986429466,-61.60057985386742,-0.0004030834345255956,trailing_stop,152761.79670603934
BTCUSDT,2025-08-15,2025-08-15T07:15:00+00:00,2025-08-15T12:31:00+00:00,short,118866.01,119104.33005,0.12851596238995433,,76.38089835301967,-30.62793058257324,-0.00020049469987257868,trailing_stop,152731.16877545678
BTCUSDT,2025-08-18,2025-08-18T07:41:00+00:00,2025-08-18T09:12:00+00:00,long,115470.81,114899.84595,0.13226820594352526,,76.36558438772839,-75.52039055174859,-0.0004944661339086431,trailing_stop,152655.64838490504
BTCUSDT,2025-08-19,2025-08-19T07:02:00+00:00,2025-08-19T08:51:00+00:00,short,114914.26,115175.3113,0.1328430852575695,,76.32782419245252,-34.67886010250021,-0.00022717050085864585,trailing_stop,152620.96952480255
BTCUSDT,2025-08-20,2025-08-20T07:09:00+00:00,2025-08-20T11:30:00+00:00,long,113734.0,113448.1,0.13419115614047036,,76.31048476240127,-38.3652515405597,-0.0002513760177255651,trailing_stop,152582.604273262
BTCUSDT,2025-08-21,2025-08-21T07:08:00+00:00,2025-08-21T09:15:00+00:00,long,113886.05,113420.56975,0.1339783092602316,,76.291302136631,-62.36425688903097,-0.00040872455406084225,trailing_stop,152520.24001637296
BTCUSDT,2025-08-22,2025-08-22T08:14:00+00:00,2025-08-22T10:15:00+00:00,long,113250.0,112753.05,0.13467570862372888,,76.26012000818648,-66.92709340056167,-0.00043880794701986497,trailing_stop,152453.3129229724
BTCUSDT,2025-08-25,2025-08-25T07:33:00+00:00,2025-08-25T08:11:00+00:00,short,111756.6,111550.063,0.13641548948605486,,76.2266564614862,28.17484595198284,0.00018480966672215437,trailing_stop,152481.4877689244
BTCUSDT,2025-08-26,2025-08-26T07:06:00+00:00,2025-08-26T07:34:00+00:00,short,109900.0,110315.43,0.1387456667597128,,76.24074388446219,-57.639112341986525,-0.0003780072793448526,trailing_stop,152423.8486565824
BTCUSDT,2025-08-27,2025-08-27T07:04:00+00:00,2025-08-27T09:07:00+00:00,short,111028.02,110900.5601,0.13728412760723138,,76.2119243282912,17.498221176405178,0.00011479975955619277,trailing_stop,152441.34687775883
BTCUSDT,2025-08-28,2025-08-28T07:02:00+00:00,2025-08-28T12:31:00+00:00,long,113284.41,112793.57795,0.13456515938756164,,76.22067343887942,-66.04889304077325,-0.000433274137191514,trailing_stop,152375.29798471805
BTCUSDT,2025-08-29,2025-08-29T07:01:00+00:00,2025-08-29T10:08:00+00:00,short,110955.41,109968.95705,0.13733021038335855,,76.18764899235903,135.46979115678553,0.0008890534945524569,trailing_stop,152510.76777587485
BTCUSDT,2025-09-01,2025-09-01T07:00:00+00:00,2025-09-01T10:02:00+00:00,long,108128.0,109371.76,0.14104650763527934,,76.25538388793743,175.4280043364543,0.0011502663509914128,trailing_stop,152686.1957802113
BTCUSDT,2025-09-02,2025-09-02T07:08:00+00:00,2025-09-02T08:43:00+00:00,short,110270.05,110551.35025,0.13846569923584082,,76.34309789010565,-38.95043581146686,-0.00025510122648896976,trailing_stop,152647.24534439982
BTCUSDT,2025-09-03,2025-09-03T07:18:00+00:00,2025-09-03T07:57:00+00:00,short,110573.25,111081.57625000001,0.1380507901724873,,76.32362267219992,-70.17484047791909,-0.0004597190097966848,trailing_stop,152577.07050392192
BTCUSDT,2025-09-04,2025-09-04T07:16:00+00:00,2025-09-04T11:00:00+00:00,long,110616.42,110601.8479,0.1379334736234656,,76.28853525196097,-2.0099803709891746,-1.3173541504963612e-05,trailing_stop,152575.06052355093
BTCUSDT,2025-09-05,2025-09-05T07:00:00+00:00,2025-09-05T09:17:00+00:00,long,111914.53,112439.42735,0.13633177079289968,,76.28753026177547,71.56018521000034,0.00046901626625246907,trailing_stop,152646.62070876092
BTCUSDT,2025-09-08,2025-09-08T07:01:00+00:00,2025-09-08T14:59:00+00:00,long,111197.86,112645.05,0.13727478272402088,,76.32331035438047,198.66269281037611,0.001301454902099737,session_close,152845.2834015713
BTCUSDT,2025-09-09,2025-09-09T07:06:00+00:00,2025-09-09T10:29:00+00:00,long,113156.65,112727.50675,0.13507406184397586,,76.42264170078565,-57.96612189042394,-0.00037924704381049964,trailing_stop,152787.31727968086
BTCUSDT,2025-09-10,2025-09-10T07:22:00+00:00,2025-09-10T09:05:00+00:00,long,111969.57,112299.95215,0.1364543217230189,,76.39365863984044,45.08207218764138,0.0002950642303975896,trailing_stop,152832.39935186852
BTCUSDT,2025-09-11,2025-09-11T07:04:00+00:00,2025-09-11T12:12:00+00:00,short,114076.92,114346.3846,0.1339731116091393,,76.41619967593427,-36.10101093051296,-0.00023621307447642054,trailing_stop,152796.298340938
BTCUSDT,2025-09-12,2025-09-12T07:22:00+00:00,2025-09-12T14:03:00+00:00,short,115260.38,115317.29190000001,0.13256619346642617,,76.398149170469,-7.544593945942752,-4.937681100826357e-05,trailing_stop,152788.75374699206
BTCUSDT,2025-09-15,2025-09-15T07:30:00+00:00,2025-09-15T14:26:00+00:00,short,116043.01,114964.21505,0.13166562444992772,,76.39437687349603,142.040210745178,0.0009296509544176731,trailing_stop,152930.79395773725
BTCUSDT,2025-09-16,2025-09-16T08:00:00+00:00,2025-09-16T10:03:00+00:00,long,115886.17,115401.73915,0.13196638905033903,,76.46539697886863,-63.928590019087,-0.00041802300481585025,trailing_stop,152866.86536771816
BTCUSDT,2025-09-17,2025-09-17T08:02:00+00:00,2025-09-17T14:59:00+00:00,short,117125.78,115606.61,0.13051513114168217,,76.43343268385908,198.27467177650908,0.0012970415223702231,session_close,153065.14003949467
BTCUSDT,2025-09-18,2025-09-18T08:07:00+00:00,2025-09-18T13:36:00+00:00,short,117056.74,117562.8737,0.13076149228100378,,76.53257001974734,-66.18279790570473,-0.0004323832185997929,trailing_stop,152998.95724158897
BTCUSDT,2025-09-19,2025-09-19T07:20:00+00:00,2025-09-19T09:51:00+00:00,long,116859.65,116506.06175,0.130925394044556,,76.49947862079449,-46.29368096077507,-0.0003025751403499846,trailing_stop,152952.6635606282
BTCUSDT,2025-09-22,2025-09-22T07:19:00+00:00,2025-09-22T10:51:00+00:00,short,112638.99,112736.71495000001,0.13579015894995877,,76.4763317803141,-13.270086493877242,-8.675943383370486e-05,trailing_stop,152939.39347413433
BTCUSDT,2025-09-23,2025-09-23T07:56:00+00:00,2025-09-23T11:08:00+00:00,long,113080.0,112716.1,0.1352488446004018,,76.46969673706717,-49.21705455008542,-0.00032180756986203946,trailing_stop,152890.17641958423
BTCUSDT,2025-09-24,2025-09-24T07:20:00+00:00,2025-09-24T14:59:00+00:00,long,112729.24,113720.64,0.13562601541497507,,76.44508820979212,134.4596316824055,0.0008794523940727307,session_close,153024.63605126663
BTCUSDT,2025-09-25,2025-09-25T07:00:00+00:00,2025-09-25T08:16:00+00:00,short,111515.87,112007.99935,0.13722229495341484,,76.51231802563332,-67.53111882093272,-0.0004413088020566068,trailing_stop,152957.10493244568
BTCUSDT,2025-09-26,2025-09-26T07:29:00+00:00,2025-09-26T08:07:00+00:00,short,109309.14,109459.5457,0.13993075504248378,,76.47855246622284,-21.04638316369372,-0.0001375966364752325,trailing_stop,152936.058549282
BTCUSDT,2025-09-29,2025-09-29T07:15:00+00:00,2025-09-29T08:03:00+00:00,short,111624.0,112118.76999999999,0.1370100144675715,,76.468029274641,-67.78844485811891,-0.0004432469719773431,trailing_stop,152868.27010442386
BTCUSDT,2025-09-30,2025-09-30T07:04:00+00:00,2025-09-30T12:39:00+00:00,short,113838.41,113225.46205,0.13428531732340943,,76.43413505221193,82.30990996848351,0.0005384368509714793,trailing_stop,152950.58001439236
BTCUSDT,2025-10-01,2025-10-01T07:27:00+00:00,2025-10-01T08:54:00+00:00,long,114540.01,116019.09995,0.13353463127372903,,76.47529000719618,197.50973109392947,0.0012913303831560768,trailing_stop,153148.08974548627
BTCUSDT,2025-10-02,2025-10-02T07:09:00+00:00,2025-10-02T14:41:00+00:00,long,118672.34,119194.6383,0.1290512091911951,,76.57404487274314,67.40322717350679,0.00044011797525860663,trailing_stop,153215.4929726598
BTCUSDT,2025-10-03,2025-10-03T07:35:00+00:00,2025-10-03T08:36:00+00:00,short,119765.99,119847.12995,0.12792904978505149,,76.6077464863299,-10.38015670310621,-6.774874069007156e-05,trailing_stop,153205.11281595667
BTCUSDT,2025-10-06,2025-10-06T07:30:00+00:00,2025-10-06T09:02:00+00:00,short,123805.06,123899.5153,0.12374705267777963,,76.60255640797834,-11.688564984795658,-7.629356990740238e-05,trailing_stop,153193.42425097188
BTCUSDT,2025-10-07,2025-10-07T07:17:00+00:00,2025-10-07T08:52:00+00:00,short,123800.0,123941.9,0.12374266902340215,,76.59671212548594,-17.559084734420047,-0.00011462035541195007,trailing_stop,153175.86516623746
BTCUSDT,2025-10-08,2025-10-08T07:05:00+00:00,2025-10-08T12:54:00+00:00,long,121841.54,122590.7923,0.12571727603429625,,76.58793258311873,94.19395821843227,0.0006149399457689122,trailing_stop,153270.0591244559
BTCUSDT,2025-10-09,2025-10-09T07:23:00+00:00,2025-10-09T09:22:00+00:00,short,121894.0,121754.96,0.12574044589926978,,76.63502956222796,17.482951597833665,0.00011406631991729994,trailing_stop,153287.54207605374
BTCUSDT,2025-10-10,2025-10-10T07:01:00+00:00,2025-10-10T08:51:00+00:00,short,121265.26,121461.7363,0.1264068061009837,,76.64377103802687,-24.835941557539886,-0.0001620219179013094,trailing_stop,153262.7061344962
BTCUSDT,2025-10-13,2025-10-13T07:10:00+00:00,2025-10-13T09:12:00+00:00,long,115379.84,114977.9308,0.13283317617228124,,76.6313530672481,-53.3868755688599,-0.00034833572312112295,trailing_stop,153209.31925892734
BTCUSDT,2025-10-14,2025-10-14T07:57:00+00:00,2025-10-14T08:30:00+00:00,short,111508.14,112003.2607,0.13739743059020385,,76.60465962946367,-68.02831201202306,-0.0004440220238630107,trailing_stop,153141.2909469153
BTCUSDT,2025-10-15,2025-10-15T07:12:00+00:00,2025-10-15T08:48:00+00:00,long,112563.8,112958.061,0.13604843737233044,,76.57064547345766,53.63859296685218,0.0003502555883863183,trailing_stop,153194.92953988217
BTCUSDT,2025-10-16,2025-10-16T07:01:00+00:00,2025-10-16T07:19:00+00:00,long,111716.86,111215.1157,0.13712785119442328,,76.59746476994108,-68.80311770805086,-0.00044912137702402823,trailing_stop,153126.12642217413
BTCUSDT,2025-10-17,2025-10-17T07:06:00+00:00,2025-10-17T08:18:00+00:00,short,106639.79,105038.19895,0.14359192419843864,,76.56306321108707,229.97554064849604,0.0015018700336900403,trailing_stop,153356.10196282263
BTCUSDT,2025-10-20,2025-10-20T07:28:00+00:00,2025-10-20T08:50:00+00:00,long,111377.34,111122.3633,0.13769057688289435,,76.67805098141132,-35.10788891469659,-0.00022893049878907083,trailing_stop,153320.99407390793
BTCUSDT,2025-10-21,2025-10-21T07:32:00+00:00,2025-10-21T08:37:00+00:00,long,108112.42,107659.4379,0.14181626317670804,,76.66049703695397,-64.24022870793699,-0.0004189917310148027,trailing_stop,153256.7538452
BTCUSDT,2025-10-22,2025-10-22T07:04:00+00:00,2025-10-22T07:39:00+00:00,short,107945.5,108149.7275,0.14197604702854683,,76.6283769226,-28.99541314452164,-0.0001891950104450798,trailing_stop,153227.75843205547
BTCUSDT,2025-10-23,2025-10-23T07:22:00+00:00,2025-10-23T08:14:00+00:00,short,109748.88,109756.4944,0.13961669443192082,,76.61387921602774,-1.0630973580812022,-6.938020688676998e-06,trailing_stop,153226.6953346974
BTCUSDT,2025-10-24,2025-10-24T07:05:00+00:00,2025-10-24T07:44:00+00:00,long,111488.0,110964.86,0.1374378366592794,,76.6133476673487,-71.89922986993534,-0.00046923435706084905,trailing_stop,153154.79610482746
BTCUSDT,2025-10-27,2025-10-27T08:02:00+00:00,2025-10-27T10:15:00+00:00,short,115489.53,115392.13765,0.13261357640370297,,76.57739805241373,12.915547847860468,8.433002541442037e-05,trailing_stop,153167.71165267532
BTCUSDT,2025-10-28,2025-10-28T08:25:00+00:00,2025-10-28T14:33:00+00:00,long,114364.99,115514.17505,0.13392884627775975,,76.58385582633767,153.90902790614965,0.0010048398989935643,trailing_stop,153321.6206805815
BTCUSDT,2025-10-29,2025-10-29T08:00:00+00:00,2025-10-29T08:39:00+00:00,long,113577.9,113056.23049999999,0.1349924771285448,,76.66081034029075,-70.4214580474099,-0.0004593054634748518,trailing_stop,153251.19922253408
BTCUSDT,2025-10-30,2025-10-30T08:11:00+00:00,2025-10-30T13:50:00+00:00,short,110961.13,107954.80565,0.1381125077065582,,76.62559961126703,415.2109949577899,0.0027093490756628104,trailing_stop,153666.41021749188
BTCUSDT,2025-10-31,2025-10-31T08:14:00+00:00,2025-10-31T08:29:00+00:00,short,109266.58,109760.4629,0.1406344100982129,,76.83320510874594,-69.45693029909422,-0.0004519981315421392,trailing_stop,153596.9532871928
BTCUSDT,2025-11-03,2025-11-03T08:24:00+00:00,2025-11-03T08:51:00+00:00,short,107371.38,107424.8569,0.14305204355871445,,76.7984766435964,-7.649979828184188,-4.980554408446107e-05,trailing_stop,153589.3033073646
BTCUSDT,2025-11-04,2025-11-04T08:03:00+00:00,2025-11-04T08:22:00+00:00,short,104317.56,104281.5778,0.14723245377610886,,76.79465165368231,5.297747598262491,3.449294634575287e-05,trailing_stop,153594.60105496287
BTCUSDT,2025-11-05,2025-11-05T08:15:00+00:00,2025-11-05T08:32:00+00:00,short,101601.71,101684.47855,0.15117324408709545,,76.79730052748144,-12.512390211883968,-8.146373717528318e-05,trailing_stop,153582.08866475098
BTCUSDT,2025-11-06,2025-11-06T09:02:00+00:00,2025-11-06T10:34:00+00:00,short,102971.99,103166.48995,0.14914938389046475,,76.79104433237549,-29.009547709225846,-0.00018888626897469655,trailing_stop,153553.07911704175
BTCUSDT,2025-11-07,2025-11-07T08:00:00+00:00,2025-11-07T08:39:00+00:00,long,102010.0,101539.95,0.1505274768327044,,76.77653955852088,-70.75544048521314,-0.00046078815802372606,trailing_stop,153482.32367655652
BTCUSDT,2025-11-10,2025-11-10T08:03:00+00:00,2025-11-10T08:33:00+00:00,long,106539.4,106021.303,0.14406156189781105,,76.74116183827826,-74.63786303456939,-0.00048629614959347833,trailing_stop,153407.68581352197
BTCUSDT,2025-11-11,2025-11-11T08:20:00+00:00,2025-11-11T09:47:00+00:00,long,105237.21,104959.52395,0.14577323535422684,,76.70384290676098,-40.47919392123617,-0.00026386679198356155,trailing_stop,153367.20661960074
BTCUSDT,2025-11-12,2025-11-12T08:19:00+00:00,2025-11-12T09:33:00+00:00,long,103506.96,104561.7752,0.14817091200398577,,76.68360330980038,156.29293017966626,0.0010190765915644683,trailing_stop,153523.4995497804
BTCUSDT,2025-11-13,2025-11-13T08:04:00+00:00,2025-11-13T08:44:00+00:00,short,103315.16,103791.59580000001,0.1485972625409285,,76.76174977489019,-70.79705565649829,-0.0004611480057718601,trailing_stop,153452.7024941239
BTCUSDT,2025-11-14,2025-11-14T09:03:00+00:00,2025-11-14T09:19:00+00:00,long,97476.84,97066.3158,0.157424781613893,,76.72635124706194,-64.62668253221811,-0.0004211505009805405,trailing_stop,153388.07581159167
BTCUSDT,2025-11-17,2025-11-17T08:21:00+00:00,2025-11-17T08:48:00+00:00,long,95880.0,95547.31000000001,0.1599792196616517,,76.69403790579584,-53.223486589232955,-0.0003469858156028241,trailing_stop,153334.85232500243
BTCUSDT,2025-11-18,2025-11-18T08:00:00+00:00,2025-11-18T08:22:00+00:00,long,90555.88,90740.0706,0.16932622412261072,,76.66742616250122,31.188298816878433,0.0002033999338309138,trailing_stop,153366.0406238193
BTCUSDT,2025-11-19,2025-11-19T08:40:00+00:00,2025-11-19T10:00:00+00:00,short,91617.94,91530.4997,0.16739739031877307,,76.68302031190966,14.637278028690952,9.544015069537913e-05,trailing_stop,153380.677901848
BTCUSDT,2025-11-20,2025-11-20T08:55:00+00:00,2025-11-20T09:55:00+00:00,short,92060.34,91900.8517,0.16660885447723528,,76.690338950924,26.572162965521187,0.00017324322286882418,trailing_stop,153407.2500648135
BTCUSDT,2025-11-21,2025-11-21T08:44:00+00:00,2025-11-21T08:47:00+00:00,short,83702.35,83951.88175,0.18327711236878472,,76.70362503240675,-45.73345858432852,-0.0002981179739875817,trailing_stop,153361.51660622918
BTCUSDT,2025-11-24,2025-11-24T08:06:00+00:00,2025-11-24T11:03:00+00:00,short,86750.0,86130.31,0.17678560992072528,,76.68075830311459,109.55227461177466,0.0007143400576368903,trailing_stop,153471.06888084096
BTCUSDT,2025-11-25,2025-11-25T08:48:00+00:00,2025-11-25T09:44:00+00:00,short,87300.0,87102.5,0.17579732976041348,,76.73553444042048,34.71997262768166,0.00022623138602520046,trailing_stop,153505.78885346864
BTCUSDT,2025-11-26,2025-11-26T08:08:00+00:00,2025-11-26T12:00:00+00:00,short,87709.26,87108.9063,0.17501662749573835,,76.75289442673431,105.07187987858691,0.0006844815473303416,trailing_stop,153610.86073334722
BTCUSDT,2025-11-27,2025-11-27T08:02:00+00:00,2025-11-27T10:32:00+00:00,long,91496.63,91482.69685,0.16788690548859253,,76.8054303666736,-2.3391934372103416,-1.5228047196942296e-05,trailing_stop,153608.52153991
BTCUSDT,2025-11-28,2025-11-28T08:36:00+00:00,2025-11-28T11:09:00+00:00,long,91241.27,91573.79365,0.16835421245222693,,76.80426076995501,55.981757217490426,0.00036444434629198257,trailing_stop,153664.5032971275
BTCUSDT,2025-12-01,2025-12-01T08:07:00+00:00,2025-12-01T11:06:00+00:00,long,86578.06,86505.1197,0.1774866557383331,,76.83225164856374,-12.945929915551098,-8.42480184933712e-05,trailing_stop,153651.55736721194
BTCUSDT,2025-12-02,2025-12-02T08:10:00+00:00,2025-12-02T09:06:00+00:00,short,86882.23,86730.62115,0.1768503839821008,,76.82577868360598,26.812083337582884,0.0001744992618168176,trailing_stop,153678.3694505495
BTCUSDT,2025-12-03,2025-12-03T08:17:00+00:00,2025-12-03T09:52:00+00:00,short,92871.03,93146.45515000001,0.16547503505727193,,76.83918472527476,-45.57598635190604,-0.00029656734721259155,trailing_stop,153632.7934641976
BTCUSDT,2025-12-04,2025-12-04T08:02:00+00:00,2025-12-04T08:11:00+00:00,long,93413.39,93132.93305,0.1644654941483203,,76.81639673209881,-46.12549086907952,-0.0003002320652317537,trailing_stop,153586.66797332853
BTCUSDT,2025-12-05,2025-12-05T08:01:00+00:00,2025-12-05T10:26:00+00:00,short,92203.34,91417.2667,0.16657386595033166,,76.79333398666427,130.93926850133545,0.0008525431942053332,trailing_stop,153717.60724182986
BTCUSDT,2025-12-08,2025-12-08T08:43:00+00:00,2025-12-08T10:05:00+00:00,long,91758.28,91828.35859999999,0.16752450813357644,,76.85880362091493,11.739882995688554,7.637305320020543e-05,trailing_stop,153729.34712482555
BTCUSDT,2025-12-09,2025-12-09T08:01:00+00:00,2025-12-09T09:58:00+00:00,long,90528.67,90147.35665,0.16981288593417485,,76.86467356241278,-64.75192040872753,-0.0004212072816269108,trailing_stop,153664.59520441684
BTCUSDT,2025-12-10,2025-12-10T08:00:00+00:00,2025-12-10T10:20:00+00:00,long,92782.92,92827.5854,0.1656173304358354,,76.83229760220841,7.397364310848439,4.813967915646332e-05,trailing_stop,153671.9925687277
BTCUSDT,2025-12-11,2025-12-11T08:10:00+00:00,2025-12-11T09:20:00+00:00,short,90088.0,90421.55,0.17057986920425328,,76.83599628436384,-56.896915373079175,-0.00037024908977888605,trailing_stop,153615.09565335463
BTCUSDT,2025-12-12,2025-12-12T08:21:00+00:00,2025-12-12T09:58:00+00:00,short,92257.8,92506.089,0.16650635030680835,,76.80754782667732,-41.34169521132786,-0.00026912521217718646,trailing_stop,153573.7539581433
BTCUSDT,2025-12-15,2025-12-15T08:06:00+00:00,2025-12-15T12:02:00+00:00,long,89816.14,89537.59929999999,0.1709868114552054,,76.78687697907165,-47.62678615350303,-0.00031012321393461393,trailing_stop,153526.1271719898
BTCUSDT,2025-12-16,2025-12-16T08:29:00+00:00,2025-12-16T10:51:00+00:00,long,86241.66,86896.4917,0.17801852048301225,,76.7630635859949,116.57217039937488,0.0007592985802917003,trailing_stop,153642.69934238915
BTCUSDT,2025-12-17,2025-12-17T08:25:00+00:00,2025-12-17T10:14:00+00:00,short,86650.0,86672.16,0.17731413657517503,,76.82134967119458,-3.929281266506498,-2.5574148874787643e-05,trailing_stop,153638.77006112266
BTCUSDT,2025-12-18,2025-12-18T08:01:00+00:00,2025-12-18T13:31:00+00:00,long,86863.75,87977.26,0.17687328725863513,,76.81938503056134,196.9501740953619,0.0012819041314702565,trailing_stop,153835.72023521803
BTCUSDT,2025-12-19,2025-12-19T08:35:00+00:00,2025-12-19T12:07:00+00:00,long,88135.08,87944.3846,0.17454539127350657,,76.91786011760902,-33.2850032070573,-0.0002163671945381985,trailing_stop,153802.43523201096
BTCUSDT,2025-12-22,2025-12-22T08:00:00+00:00,2025-12-22T08:49:00+00:00,long,89200.0,89462.71,0.17242425474440692,,76.90121761600548,45.297575963904244,0.0002945179372197381,trailing_stop,153847.73280797485
BTCUSDT,2025-12-23,2025-12-23T08:18:00+00:00,2025-12-23T13:36:00+00:00,long,87698.82,87524.5359,0.17542736927130245,,76.92386640398743,-30.574201168817375,-0.00019873026797852513,trailing_stop,153817.15860680604
BTCUSDT,2025-12-24,2025-12-24T08:00:00+00:00,2025-12-24T10:42:00+00:00,short,86911.52,87158.6076,0.17698132377250567,,76.90857930340302,-43.72989053577118,-0.000284297869833595,trailing_stop,153773.42871627028
BTCUSDT,2025-12-25,2025-12-25T08:07:00+00:00,2025-12-25T08:22:00+00:00,long,87862.2,87448.689,0.1750165927057031,,76.88671435813514,-72.37128626632776,-0.00047063583657135674,trailing_stop,153701.05743000394
BTCUSDT,2025-12-26,2025-12-26T09:21:00+00:00,2025-12-26T14:39:00+00:00,long,88786.0,88606.07,0.17311406914378838,,76.85052871500197,-31.148414461040634,-0.0002026558241164069,trailing_stop,153669.90901554291
BTCUSDT,2025-12-29,2025-12-29T08:04:00+00:00,2025-12-29T10:11:00+00:00,short,89507.03,88217.63515,0.17168473695925662,,76.83495450777146,221.36941565886963,0.0014405514851738427,trailing_stop,153891.2784312018
BTCUSDT,2025-12-30,2025-12-30T08:02:00+00:00,2025-12-30T08:21:00+00:00,long,87600.0,87786.76,0.1756749753780842,,76.94563921560089,32.80905840161009,0.00021319634703195747,trailing_stop,153924.0874896034
BTCUSDT,2025-12-31,2025-12-31T08:01:00+00:00,2025-12-31T14:35:00+00:00,long,88638.76,88756.8062,0.1736532499886093,,76.9620437448017,20.499106278807382,0.0001331767276527916,trailing_stop,153944.58659588223
